Node,Name
1YS6,wH
4KFC,wH
5XSO,HTH
ABG05530.1,HTH
ABK85337.1,HTH
ABM17107.1,wH
ABQ26954.1,HTH
ABY25179.1,HTH
ACB33668.1,HTH
ACB51715.1,HTH
ACC73450.1,HTH
ACD83566.1,HTH
ACJ33415.1,wH
ACJ34951.1,HTH
ACM06029.1,HTH
ACU38830.1,wH
ACU75001.1,wH
ACV69132.1,wH
ACX51791.1,wH
ADB33465.1,wH
ADC86012.1,wH
ADE57983.1,HTH
ADI27599.1,wH
ADU51485.1,HTH
ADV01334.1,wH
AEA28068.1,wH
AEG16323.1,wH
AEG16658.1,wH
AEG61405.1,HTH
AEJ38970.1,wH
AEJ42039.1,wH
AEW06326.1,wH
AFR08117.1,wH
AFS79495.1,wH
AGA68349.1,wH
AGC72473.1,wH
AGT04870.1,wH
AGT32013.2,wH
AHN97832.1,HTH
AIA15318.1,wH
AIJ22497.1,wH
AJC61371.1,wH
AJC73181.1,wH
AJT66367.3,HTH
AJY40543.1,HTH
AKJ12295.1,wH
AKX93577.1,wH
ALO08952.1,HTH
ALO12595.1,wH
ALV06962.1,wH
ANI93500.1,HTH
ANJ11536.1,wH
ANZ36497.1,wH
AOS95198.1,wH
APH59993.1,HTH
APR87113.1,HTH
APW63753.1,wH
ARV75734.1,wH
ARX87505.1,HTH
AST05629.1,wH
ATA59974.1,wH
ATZ22437.1,wH
AUW94761.1,wH
AUZ88856.1,wH
AWK51579.1,wH
AWS40996.1,wH
BAK36507.1,wH
BAL54080.1,HTH
BAU86038.1,wH
BAX94186.1,wH
BAY30407.1,HTH
BBH88087.1,HTH
BBH94063.1,wH
BBO87286.1,HTH
BBX80801.1,wH
BBY24774.1,wH
BCA52893.1,wH
CAB1127674.1,HTH
CAB1129729.1,wH
CAB3626377.1,wH
CAB3788140,HTH
CAJ88322.1,wH
CAM02618.1,wH
CAN95594.1,HTH
CCJ85429.1,HTH
CCP12208.1,wH
CDA06720.1,wH
CDA44216.1,wH
CDA44354.1,HTH
CDB02639.1,wH
CDB36171.1,wH
CDB86761.1,wH
CDE46814.1,HTH
CDE98297.1,wH
CDF07124.1,HTH
CDH46374.1,HTH
CDN44554.1,HTH
CDX04352.1,HTH
CDX15845.1,wH
COL28366.1,HTH
CRL73681.1,wH
CUI84643.1,wH
CUJ73768.1,HTH
EAR66644.1,wH
EDM99715.1,wH
EDP64638.1,HTH
EDY16463.1,wH
EEB70340.1,HTH
EEP74481.1,wH
EFF73930.1,HTH
EFH83776.1,HTH
EFH89030.1,HTH
EFI83863.1,wH
EFL09279.1,wH
EFM22152.1,HTH
EGJ73775.1,HTH
EGL17159.1,wH
EGO64563.1,wH
EHK66637.1,wH
EHR72130.1,HTH
EJI96585.1,wH
EJN46328.1,wH
EKB31714.1,HTH
ELP62047.1,wH
ELP63126.1,HTH
EME63714.1,wH
EMI41791.1,HTH
ENY98340.1,wH
EPR29935.1,wH
EQB97398.1,wH
EQD82601.1,wH
EQD83333.1,wH
EQE86200.1,wH
ERF85635.1,wH
ETP70004.1,wH
ETW97633.1,wH
EUJ25878.1,wH
EWY42202.1,HTH
EXI67168.1,HTH
EZP55003.1,wH
GAB48474.1,HTH
GAC06217.1,HTH
GAF21117.1,wH
GAM07520.1,wH
GAN69415.1,wH
GAV12891.1,wH
GBD06519.1,HTH
GBD08962.1,wH
GBD12554.1,HTH
GBD13786.1,wH
GBD20097.1,wH
GBD30708.1,wH
GBD35916.1,HTH
GBD41959.1,wH
GBD88001.1,wH
GBE24442.1,wH
GBF10256.1,wH
GBL24788.1,HTH
GCE22409.1,wH
GCE28533.1,wH
GDX80152.1,wH
GDY19106.1,wH
GEB60891.1,wH
GEC11046.1,wH
GEK88085.1,wH
GES16495.1,wH
GES25076.1,wH
GFE40653.1,HTH
GFH41175.1,HTH
GFJ76994.1,wH
GFJ87357.1,wH
KAA0217378.1,wH
KAA0240374.1,wH
KAA3618225.1,HTH
KAA3634036.1,HTH
KAA3643515.1,HTH
KAA3657068.1,HTH
KAA3658720.1,HTH
KAB2642258.1,HTH
KAB2671735.1,HTH
KAB2859925.1,wH
KAB2863047.1,HTH
KAB2873523.1,HTH
KAB2894593.1,wH
KAB2895873.1,HTH
KAB2914348.1,HTH
KAB6995164.1,wH
KAB7254964.1,wH
KAB7304428.1,wH
KAB7331494.1,wH
KAB7396723.1,wH
KAB7431391.1,wH
KAF0094949.1,HTH
KAF0108068.1,wH
KAF0136255.1,HTH
KAF0206946.1,wH
KAF0208420.1,HTH
KAF4324684.1,HTH
KDE48536.1,wH
KFB70035.1,HTH
KFD40940.1,wH
KFK89935.1,wH
KGJ87309.1,HTH
KIE18444.1,HTH
KIQ62257.1,wH
KIQ68376.1,wH
KJS14918.1,wH
KJS27657.1,HTH
KJS53622.1,wH
KJY19507.1,wH
KKM09444.1,HTH
KLI01504.1,wH
KOR28635.1,HTH
KOT42089.1,wH
KOT94688.1,wH
KOU33914.1,wH
KOU58455.1,wH
KOV79857.1,wH
KPI02824.1,HTH
KPJ48352.1,HTH
KPJ63525.1,HTH
KPJ79549.1,HTH
KPK27421.1,wH
KPK43394.1,HTH
KPK59789.1,wH
KPK75348.1,wH
KPL14350.1,wH
KPL14352.1,wH
KPL78674.1,HTH
KPP89607.1,wH
KPQ00543.1,wH
KPQ04469.1,HTH
KPV53083.1,HTH
KQB96198.1,wH
KQM70990.1,wH
KQO13493.1,wH
KQP16231.1,wH
KQS51771.1,wH
KQT96177.1,HTH
KQU57501.1,wH
KQU87460.1,HTH
KQX65969.1,HTH
KQZ19987.1,wH
KRB73860.1,wH
KRE72006.1,wH
KRP32195.1,HTH
KRP36466.1,HTH
KRT70820.1,wH
KRT76644.1,wH
KTR09264.1,wH
KUK26527.1,HTH
KUK47557.1,wH
KUK49182.1,wH
KUK57437.1,HTH
KUK59082.1,HTH
KUK82510.1,wH
KUO72404.1,HTH
KWX87706.1,wH
KXB59561.1,HTH
KXK18819.1,wH
KXK32430.1,wH
KXK54187.1,wH
KYF50295.1,HTH
KYF78905.1,wH
KYP16283.1,HTH
NOK61879.1,HTH
Node,Name
OAB38738.1,wH
OAG77725.1,wH
OAI39234.1,HTH
OAI39284.1,wH
OAI56137.1,wH
OAP75253.1,wH
OBA40645.1,wH
OCP05729.1,HTH
ODS65630.1,wH
ODS85767.1,wH
ODS88118.1,HTH
ODT03311.1,HTH
ODT12199.1,wH
ODT17771.1,wH
ODT61183.1,wH
ODT90317.1,HTH
ODU58696.1,wH
ODU64990.1,wH
OED49026.1,wH
OFA03862.1,HTH
OFW02670.1,HTH
OFW09236.1,wH
OFW53837.1,HTH
OFW56388.1,wH
OFW56811.1,HTH
OFW61871.1,HTH
OFW63972.1,HTH
OFW78487.1,wH
OFX13173.1,wH
OFX13478.1,wH
OFX27721.1,HTH
OFY24986.1,HTH
OFZ05152.1,HTH
OFZ68060.1,wH
OGA46706.1,HTH
OGB13641.1,wH
OGC12849.1,wH
OGE24633.1,wH
OGF17086.1,HTH
OGG56479.1,HTH
OGG96199.1,HTH
OGH01001.1,HTH
OGL05751.1,wH
OGM14975.1,wH
OGN80843.1,HTH
OGN88368.1,HTH
OGN95085.1,HTH
OGO05554.1,HTH
OGO17599.1,HTH
OGO28657.1,HTH
OGO33239.1,HTH
OGO33998.1,HTH
OGO35366.1,HTH
OGO36042.1,HTH
OGO39453.1,HTH
OGO40114.1,wH
OGO45673.1,HTH
OGO46879.1,HTH
OGO49017.1,wH
OGO50970.1,wH
OGO51839.1,wH
OGO53738.1,wH
OGO53760.1,wH
OGO54201.1,wH
OGO56647.1,wH
OGP13045.1,wH
OGP25425.1,HTH
OGQ51141.1,wH
OGQ71114.1,wH
OGR01103.1,HTH
OGR31901.1,HTH
OGR46659.1,wH
OGR50072.1,HTH
OGR84196.1,HTH
OGR90497.1,wH
OGR95944.1,wH
OGR97203.1,wH
OGS00225.1,wH
OGS42451.1,wH
OGT26144.1,HTH
OGU02909.1,HTH
OGU26765.1,HTH
OGU28705.1,wH
OGU67799.1,wH
OGU68362.1,wH
OGU71128.1,HTH
OGV66047.1,HTH
OGV71805.1,HTH
OGW60631.1,HTH
OGW62062.1,wH
OGX35090.1,wH
OHB27151.1,wH
OHB61856.1,wH
OHB70648.1,HTH
OHC83213.1,HTH
OHE60063.1,HTH
OHE74996.1,HTH
OHE87484.1,wH
OII00058.1,wH
OII17076.1,HTH
OIJ18124.1,HTH
OIN88311.1,HTH
OIN95401.1,wH
OIO02484.1,HTH
OIO89703.1,HTH
OIP11389.1,HTH
OIP31284.1,wH
OIP98841.1,HTH
OIQ12467.1,wH
OIQ38351.1,wH
OIQ45501.1,wH
OJF76730.1,HTH
OJF89699.1,wH
OJG03957.1,wH
OJJ21627.1,HTH
OJU41910.1,wH
OJU46298.1,HTH
OJU62694.1,HTH
OJU64712.1,HTH
OJV13761.1,wH
OJV32637.1,wH
OJV42054.1,wH
OJV56999.1,wH
OJV59147.1,wH
OJV60121.1,wH
OJV61059.1,wH
OJV91886.1,HTH
OJW52394.1,HTH
OJW57079.1,HTH
OJX07324.1,HTH
OJX65940.1,wH
OJY00315.1,wH
OJY45241.1,wH
OJY50820.1,wH
OKH81926.1,wH
OKI85984.1,wH
OKJ06115.1,wH
OKJ69667.1,wH
OKK17700.1,wH
OLA31259.1,wH
OLA34900.1,wH
OLB10932.1,wH
OLB20687.1,wH
OLB25617.1,wH
OLB80014.1,wH
OLB89845.1,wH
OLB93241.1,wH
OLC20802.1,wH
OLC21636.1,wH
OLC37518.1,wH
OLC37554,HTH
OLC42825,HTH
OLC46692.1,wH
OLC53568.1,HTH
OLC58403,HTH
OLC60175.1,wH
OLC64589.1,wH
OLD22827.1,wH
OLD52171.1,HTH
OLD63570.1,HTH
OLD90744.1,wH
OLD94289.1,wH
OLE01691.1,wH
OLE25241.1,wH
OLE28629.1,wH
OLE28825.1,wH
OLE36846.1,HTH
OLE96773.1,HTH
OLM17244.1,wH
OLV17593.1,HTH
OMP65943.1,wH
OOB78626.1,wH
OOL32930.1,wH
OPL09767.1,HTH
OPY68293.1,wH
OPZ56721.1,wH
OPZ58622.1,HTH
OPZ87865.1,wH
OPZ92872.1,wH
OQA08584.1,HTH
OQA65899.1,wH
OQA96309.1,wH
OQB28515.1,wH
OQB84964.1,HTH
OQC14818,HTH
OQC19426.1,wH
OQC41151.1,wH
OQC58969.1,wH
OQW48852.1,HTH
OQW66379.1,HTH
OQX01742.1,wH
OQX15436.1,wH
OQX65268.1,wH
OQY21673.1,HTH
OQY33047.1,wH
OQY65679.1,HTH
OQY81751.1,wH
OQY91312.1,HTH
OQY93701.1,HTH
OQY96308.1,HTH
ORT50577.1,wH
ORV82994.1,wH
OSY41294.1,wH
OSZ69881.1,wH
OTP77170.1,wH
OUC07821.1,HTH
OUN00994.1,wH
OUQ21408.1,wH
OUU43167.1,HTH
OVE80023.1,HTH
OYU19804.1,wH
OYU20445.1,HTH
OYV06476.1,HTH
OYV38704.1,wH
OYV64680.1,HTH
OYW40834.1,HTH
OYW75895.1,wH
OYW94280.1,wH
OYX58363.1,wH
OYY39805.1,wH
OYY94918.1,HTH
OZA92835.1,wH
OZB13078.1,wH
OZB87836.1,wH
OZB88728.1,HTH
OZB89779.1,wH
PAW63110.1,HTH
PAW65018.1,HTH
PAZ01056.1,HTH
PBC71020.1,wH
PCH68136.1,HTH
PCI53212.1,wH
PCJ10134.1,wH
PCJ22722.1,HTH
PCJ26325.1,HTH
PCJ34971.1,wH
PCJ42268.1,HTH
PCJ57628.1,wH
PDW02577.1,HTH
PHR83708.1,wH
PHS35163.1,wH
PHS56191.1,wH
PHV06250.1,wH
PID63635.1,HTH
PID69419.1,HTH
PID96699.1,wH
PID96728.1,wH
PIE19287.1,wH
PIE23292.1,HTH
PIE86848.1,HTH
PIP54337.1,HTH
PIP98256.1,HTH
PIQ27327.1,HTH
PIQ37723.1,wH
PIU07828.1,wH
PIU90343.1,HTH
PIV28649.1,HTH
PJA73983.1,HTH
PJF25323.1,HTH
PJF31553.1,wH
PJF40985.1,HTH
PJI84879.1,wH
PJT46950.1,wH
PKM46603.1,HTH
PKM55127.1,HTH
PKM83968.1,wH
PKN08208.1,HTH
PKN25440.1,HTH
PKN59221.1,wH
PKN87146.1,HTH
PKN93074.1,wH
PKO02670.1,HTH
PKO15302.1,HTH
PKQ05729.1,HTH
PKQ16079.1,HTH
PKQ16233.1,wH
PKQ17601.1,HTH
PKQ22731.1,wH
PKQ33029.1,wH
PKQ37661.1,wH
PLS75078.1,HTH
PLS84440.1,HTH
PLS85732.1,HTH
PLS85955.1,wH
PLT97333.1,wH
PLV54942.1,wH
PLX09060.1,HTH
PLX28288.1,HTH
PLX48466.1,HTH
PLX78287.1,wH
PLY07715.1,HTH
PLY11427.1,wH
PMP74406.1,wH
PMP80521.1,wH
PMP81298.1,HTH
PMQ14971.1,HTH
PNE40199.1,wH
PNV79349.1,wH
POZ53171.1,wH
PPC87886.1,HTH
PPD50198.1,HTH
PPK71005.1,wH
PQV59587.1,HTH
PRR77583.1,HTH
PRX98110.1,wH
PSJ38577.1,HTH
PSQ52080.1,wH
PSR20593.1,wH
PSR21850.1,wH
PSR33368.1,HTH
PTB90296.1,wH
PTQ51631.1,wH
PTS84741.1,wH
PWB47719.1,HTH
PwH16390.1,HTH
PWJ18055.1,HTH
PWJ45603.1,HTH
PWK89854.1,HTH
PWK91406.1,wH
PWL89746.1,wH
PWT80318.1,HTH
PWT87077.1,HTH
PWT89286.1,wH
PWT91931.1,HTH
PWT93103.1,HTH
PWU04346,HTH
PWU09745.1,HTH
PWU12138.1,HTH
PWU22963.1,HTH
PXW80814.1,wH
PXY17902.1,wH
PYF99154.1,wH
PYJ03908.1,HTH
PYJ87423.1,HTH
PYJ87857.1,HTH
PYK69063.1,wH
PYK93418.1,HTH
PYK99370.1,HTH
PYL17508.1,HTH
PYM12118.1,wH
PYM19146.1,wH
PYM20399.1,HTH
PYM36995.1,wH
PYM51570,HTH
PYM78253,HTH
PYM78700.1,HTH
PYM79462.1,wH
PYM86680,HTH
PYM94235.1,wH
PYN05652,HTH
PYN09264.1,HTH
PYN14247.1,wH
PYN30745.1,wH
PYN32966.1,wH
PYN52065,HTH
PYN59461,HTH
PYN79727,HTH
PYN88741.1,wH
PYN98329.1,wH
PYO00818.1,HTH
PYO40768.1,wH
PYO54617,HTH
PYO55848.1,wH
PYO75049.1,wH
PYO79798.1,wH
PYP15776.1,HTH
PYP16896,HTH
PYP39868.1,wH
PYP45611,HTH
PYP55470.1,wH
PYP68579.1,HTH
PYP69051,HTH
PYP79876.1,HTH
PYP82702.1,HTH
PYQ03016,HTH
PYQ05977.1,wH
PYQ08969,HTH
PYQ19400.1,HTH
PYQ24249.1,HTH
PYQ28596.1,wH
PYQ29382.1,wH
PYQ29672.1,wH
PYQ30621.1,HTH
PYQ38391.1,wH
PYQ47577.1,wH
PYQ51196.1,wH
PYQ60048.1,wH
PYQ72393.1,wH
PYQ78826.1,wH
PYQ92768.1,HTH
PYQ95893.1,wH
PYQ96387.1,wH
PYR01785.1,HTH
PYR25199,HTH
PYR63823.1,HTH
PYR93473.1,wH
PYR95932.1,HTH
PYR98482.1,wH
PYS20818.1,wH
PYS24869.1,HTH
PYS87320.1,HTH
PYT23632.1,wH
PYT39394.1,wH
PYT41220.1,wH
PYT61281.1,wH
PYT66228.1,wH
PYT67604.1,wH
PYT75752.1,wH
PYT95681.1,wH
PYT97655.1,wH
PYU02423.1,wH
PYU10446.1,wH
PYU27237.1,wH
PYU41317.1,wH
PYU53827.1,wH
PYU82107.1,wH
PYU83815.1,HTH
PYU94712.1,wH
PYV19014.1,HTH
PYV34874.1,HTH
PYV37228.1,wH
PYV68338.1,wH
PYX12181.1,wH
PYX20921.1,HTH
PYX34874.1,HTH
PYX62870.1,wH
PYX71122.1,wH
PZM80486.1,HTH
PZN02939.1,HTH
PZN04005.1,wH
PZN20904.1,wH
PZN26131.1,wH
PZN38061.1,wH
PZN38474.1,wH
PZN51125.1,HTH
PZN52202.1,HTH
PZN58157.1,wH
PZO72738.1,wH
PZP16551.1,wH
PZP21378.1,wH
PZP30963.1,HTH
PZP59045.1,wH
PZQ19925.1,HTH
PZQ89558.1,wH
PZR68329.1,wH
PZR97174.1,wH
PZR98467.1,wH
PZR99787.1,wH
PZS03820.1,wH
PZS19067.1,wH
PZS19507.1,wH
PZS28849.1,HTH
PZS31166.1,wH
PZT99666.1,wH
PZU32562.1,wH
PZU55453.1,HTH
PZU91226.1,wH
QCD59056.1,wH
QCT24449,HTH
QDU46219.1,HTH
QIE28612.1,wH
QIK09589.1,wH
QIS12925.1,HTH
QIS24571.1,wH
RAJ61788.1,wH
RAS64025.1,wH
RCJ19089.1,HTH
RCK34107.1,wH
RCK43910.1,wH
RCK77185.1,HTH
RCL03594.1,wH
RDI31057.1,wH
RDI33202.1,wH
RDI34309.1,wH
REF96846.1,wH
REJ35623.1,wH
REJ37677.1,wH
REJ74093.1,HTH
REK07487.1,HTH
REK09230.1,wH
RFC51507.1,wH
RFS86535.1,HTH
RFZ42899.1,wH
RHH07285.1,HTH
RIK19453.1,HTH
RIK20993.1,wH
RIK24950.1,HTH
RIK27236.1,wH
RIK35318.1,HTH
RIK56574.1,wH
RIK57820.1,HTH
RIK81758.1,HTH
RIK83682.1,HTH
RIL10866.1,HTH
RIL11726.1,HTH
RIZ67150.1,HTH
RJO62933.1,wH
RJO63232.1,HTH
RJP20809.1,HTH
RJP27459.1,HTH
RJP27608.1,wH
RJP31075.1,HTH
RJP32844.1,wH
RJP51979.1,wH
RJQ39593.1,HTH
RJQ41195.1,HTH
RJQ42576.1,HTH
RJQ56291.1,HTH
RJR38350.1,HTH
RJX21405.1,wH
RKE07699.1,wH
RKQ88682.1,wH
RKR19658.1,wH
RKR66646.1,HTH
RKS74962.1,wH
RKX70794.1,wH
RKX96490.1,wH
RKY21110.1,wH
RKZ83773.1,HTH
RLA88591.1,HTH
RLA91502.1,HTH
RLB13993.1,wH
RLC58554.1,HTH
RLC66992.1,HTH
RLC74045.1,wH
RLC86806.1,wH
RLC94753.1,HTH
RLC99155.1,wH
RLD25650.1,HTH
RLD82352.1,HTH
RLD96536.1,HTH
RLE39238.1,wH
RLE40187.1,wH
RLT06568.1,HTH
RMD75032.1,HTH
RMD75521.1,wH
RME11791.1,HTH
RME22186.1,wH
RME37077.1,HTH
RME40361.1,wH
RME45679.1,HTH
RME46470.1,HTH
RME54254.1,HTH
RME58571.1,wH
RME61338.1,HTH
RME72443.1,HTH
RME72811.1,HTH
RME81588.1,wH
RME85757.1,wH
RMF08751.1,HTH
RMF09592.1,HTH
RMF49022.1,HTH
RMF69341.1,HTH
RMF72819.1,HTH
RMF88541.1,HTH
RMF94958.1,wH
RMF99055.1,HTH
RMG20292.1,HTH
RMG31936.1,HTH
RMG41417.1,HTH
RMG45213.1,HTH
RMG45673.1,wH
RMG54404.1,HTH
RMG62362.1,HTH
RMG67263.1,wH
RMG82944.1,HTH
RMG97340.1,HTH
RMH13692.1,wH
RMH24188.1,wH
RMH40894.1,HTH
RMH59761.1,HTH
RMH73276.1,wH
RNJ70998.1,wH
ROL58457.1,HTH
ROP63554.1,HTH
ROS38518.1,wH
RPH39140.1,HTH
RPH40131.1,wH
RPH41668.1,HTH
RPH46347.1,HTH
RPH61079.1,HTH
RPH68277.1,HTH
RPH71707.1,wH
RPH71711.1,wH
RPH78683.1,wH
RPH96163.1,wH
RPI03355.1,HTH
RPI24614.1,HTH
RPI30131.1,wH
RPI47702.1,HTH
RPI93034.1,wH
RPJ02985.1,HTH
RPJ39604.1,wH
RPJ72161.1,HTH
RPJ79873.1,HTH
RPJ85779.1,HTH
RPK67677.1,HTH
RQD76436.1,wH
RQV99511.1,HTH
RQW04691.1,HTH
RQW77809.1,wH
RQW82695.1,HTH
RQW88121.1,HTH
RRF94999.1,wH
RRR74155.1,HTH
RSU48356.1,wH
RSV13719.1,wH
RTK98113.1,HTH
RTL19121.1,HTH
RTL44995.1,HTH
RTL54474.1,HTH
RTL56038.1,HTH
RTL99399.1,wH
RTM11856.1,wH
RTZ75509.1,HTH
RUA17757.1,HTH
RUO39631.1,wH
RUP15386.1,wH
RUU01152.1,wH
RwH69784.1,WH
RWL79846.1,wH
RWL88884.1,wH
RWX51177.1,HTH
RYD20126.1,wH
RYD35334.1,wH
RYD36471.1,wH
RYD37465,HTH
RYD61554.1,wH
RYD64111.1,HTH
RYE47843.1,wH
RYE50188.1,HTH
RYE89511.1,wH
RYF18090.1,wH
RYF43689.1,wH
RYN13175.1,wH
RYV53040.1,HTH
RYY94907.1,HTH
RYZ00674.1,HTH
RYZ02235.1,wH
RYZ07088.1,wH
RYZ07532.1,HTH
RYZ29350.1,wH
RZI79934.1,HTH
RZJ03190.1,HTH
RZJ12777.1,HTH
RZL88883.1,HTH
RZM10677.1,wH
RZM34779.1,wH
RZO56833.1,HTH
RZP07700.1,wH
RZS40903.1,wH
RZT87691.1,wH
RZU01761.1,wH
SBN63920.1,wH
SBS74389.1,wH
SBT07653.1,wH
SBT10262.1,HTH
SBT11261.1,HTH
SBV08011.1,HTH
SBV36082.1,HTH
SBW11547.1,HTH
SCB89576.1,wH
SCF07007.1,wH
SCG75977.1,wH
SCG98807.1,wH
SCI44981.1,wH
SCL45752.1,wH
SCM76338.1,wH
SCM81925.1,wH
SDC93165.1,HTH
SDD10098.1,wH
SDD49549.1,HTH
SDE76507.1,HTH
SDF63203.1,wH
SDG12058.1,wH
SDG79895.1,wH
SDK49421.1,wH
SDL02249.1,wH
SDM27233.1,HTH
SDN64579.1,wH
SDO81604.1,wH
SDO82051.1,HTH
SDS72720.1,wH
SDT49818.1,HTH
SDU80703.1,wH
SDX32850.1,wH
SED31388.1,wH
SEH65746.1,wH
SEJ49931.1,wH
SEJ79611.1,wH
SEN85261.1,HTH
SEO93317.1,HTH
SEP92609.1,wH
SEQ35285.1,wH
SER92761.1,HTH
SFB31269.1,HTH
SFB48247.1,wH
SFB88202.1,wH
SFE00751.1,HTH
SFF71996.1,HTH
SFH24479.1,HTH
SFI49952.1,wH
SFJ97362.1,wH
SFK12655.1,wH
SFK59352.1,wH
SFL31100.1,HTH
SFM74755.1,wH
SFN10034.1,wH
SFN68179.1,wH
SFO59884.1,HTH
SFP26060.1,wH
SFR28896.1,wH
SFS89143.1,wH
SFT73896.1,wH
SFU32931.1,wH
SFV38119.1,HTH
SHE13361.1,wH
SHH32322.1,wH
SHM14657.1,HTH
SHN20088.1,HTH
SHN75197.1,wH
SIA76885.1,wH
SIQ15106.1,wH
SIQ31504.1,wH
SIR48232.1,HTH
SIS65847.1,HTH
SIT83071.1,wH
SIT91114.1,wH
SLM95301.1,wH
SLN35222.1,HTH
SMC85946.1,wH
SMG27395.1,wH
SMH59114.1,wH
SNR93549.1,wH
SPD74008.1,HTH
SPF00950.1,HTH
SPJ30493.1,HTH
SPM35238.1,wH
SPT41480.1,HTH
SQB63405.1,wH
STC85520.1,wH
TAE17369.1,wH
TAE24383.1,wH
TAE30902.1,wH
TAE50058.1,HTH
TAE59378.1,wH
TAF55857.1,HTH
TAG01108.1,HTH
TAG11156.1,wH
TAH37298.1,HTH
TAH55030.1,HTH
TAH71542.1,wH
TAJ21550.1,HTH
TAJ49162.1,wH
TAJ53207.1,wH
TAJ64120.1,wH
TAJ70332.1,wH
TAJ99122.1,wH
TAJ99659.1,wH
TAK00422.1,wH
TAK22582.1,HTH
TAK24560.1,HTH
TAK24632.1,wH
TAK29469.1,HTH
TAK30396.1,HTH
TAK43751.1,HTH
TAK69597.1,wH
TAK71265.1,wH
TAK80397.1,HTH
TAK91176.1,HTH
TAL05698.1,HTH
TAL18181.1,HTH
TAL32650.1,wH
TAL37963.1,wH
TAM34802.1,wH
TAM45575.1,HTH
TBR19868.1,wH
TBR19871.1,wH
TBR25728.1,HTH
TCK20125.1,wH
TCM44329.1,wH
TCN28324.1,wH
TCN42101.1,wH
TCO32692.1,wH
TCO37192.1,HTH
TCO65626.1,wH
TDA65820.1,HTH
TDC00652.1,wH
TDI14261.1,HTH
TDI39233.1,wH
TDI49923.1,HTH
TDI83841.1,HTH
TDI84135.1,HTH
TDJ34481.1,wH
TDJ49718.1,HTH
TDJ71807.1,HTH
TDL99911.1,wH
TDO31756.1,wH
TDO33919.1,wH
TDV45378.1,wH
TDW64490.1,wH
TDW77755.1,wH
TDY40569.1,HTH
TET34365.1,wH
TET44379.1,HTH
TEU00761.1,wH
TEU01360.1,HTH
TEX45309.1,HTH
TFH20646.1,HTH
TFH36095.1,wH
TFV29945.1,HTH
TFV29970.1,HTH
TIM22139.1,HTH
TIP04731.1,wH
TIU93729.1,wH
TJV73441.1,wH
TKB32753.1,HTH
TKB91866.1,HTH
TKJ30116.1,wH
TLD44476.1,HTH
TLD46642.1,HTH
TLM85962.1,HTH
TLY13836.1,wH
TLY23413.1,wH
TLY31306.1,HTH
TLY33838.1,wH
TLY62438.1,HTH
TLY93765.1,HTH
TLZ17110.1,HTH
TMA06969.1,HTH
TMA33146.1,HTH
TMA34131.1,HTH
TMA63398.1,HTH
TMA79848.1,HTH
TMA79849.1,HTH
TMB11567.1,wH
TMB15717.1,HTH
TMB52039.1,HTH
TMB68910.1,wH
TMB69849.1,HTH
TMB76164.1,HTH
TMB79520.1,HTH
TMB86418.1,wH
TMC02249.1,wH
TMC05343.1,wH
TMC14846.1,wH
TMC29532.1,wH
TMC42982.1,HTH
TMC47159.1,wH
TMC47561.1,wH
TMC47991.1,wH
TMC51189.1,HTH
TMC57300.1,wH
TMC59058.1,HTH
TMC66426.1,HTH
TMC70452.1,HTH
TMC70453.1,HTH
TMC75665.1,wH
TMC79709.1,wH
TMD02930.1,wH
TMD03757.1,HTH
TMD04208.1,wH
TMD23789.1,wH
TMD30666.1,wH
TMD50661.1,HTH
TMD53543.1,wH
TMD58691.1,HTH
TMD60415.1,HTH
TMD64022,HTH
TMD72899.1,wH
TMD74707.1,HTH
TMD92301.1,wH
TMD97820.1,wH
TMD98193.1,wH
TME05879.1,wH
TME26994,HTH
TME33547.1,wH
TME33903.1,HTH
TME64896.1,wH
TME66242.1,wH
TME68356.1,HTH
TME76134.1,HTH
TME83369.1,wH
TME94299.1,wH
TMF07900.1,wH
TMF10983.1,wH
TMF17011.1,wH
TMF31545.1,wH
TMF44570.1,wH
TMF54765.1,wH
TMF59024.1,wH
TMF63673.1,wH
TMF64682.1,wH
TMF86521.1,HTH
TMF93793.1,wH
TMG19126.1,wH
TMG46998.1,wH
TMG47143.1,wH
TMH82361,HTH
TMH90257.1,HTH
TMH95347.1,HTH
TMI01584.1,wH
TMI71931.1,wH
TMI79569.1,wH
TMI88937.1,HTH
TMJ06335.1,HTH
TMJ19892.1,HTH
TMJ54049.1,HTH
TMJ92774.1,HTH
TMK17539.1,wH
TMK18652.1,HTH
TMK22239.1,HTH
TMK32157.1,HTH
TMK33218.1,wH
TMK34063.1,wH
TMK37929.1,wH
TMK46981.1,wH
TMK47853.1,wH
TMK56130.1,HTH
TMK59006.1,wH
TMK61829.1,wH
TMK68078.1,wH
TMK71001.1,wH
TMK76208.1,HTH
TMK81192.1,wH
TMK81980.1,HTH
TMK83260.1,HTH
TMK85652.1,HTH
TMK86375.1,wH
TMK95349.1,HTH
TML07933.1,wH
TML22863.1,wH
TML27623.1,HTH
TML32657.1,wH
TML40034.1,HTH
TML40190.1,wH
TML48806.1,HTH
TML55475.1,wH
TML57279.1,wH
TML61920.1,wH
TML66840.1,wH
TML67132.1,wH
TML69678.1,HTH
TML69799.1,HTH
TML85229.1,HTH
TML92822.1,wH
TML96813.1,wH
TML97931.1,wH
TMM01936.1,wH
TMM05089.1,HTH
TMM05123.1,wH
TMM09890.1,HTH
TMM16669.1,wH
TMM19659.1,wH
TMM29322.1,wH
TMM33856.1,wH
TMM35777.1,wH
TNE49570.1,HTH
TNE56167.1,HTH
TNE68385.1,HTH
TNE78878.1,HTH
TNE86301.1,wH
TNF38389.1,HTH
TNF47729.1,wH
TPG38647.1,wH
TPG54872.1,HTH
TPW14093.1,HTH
TPW14789.1,HTH
TQK39307.1,wH
TQL33970.1,wH
TQM34542.1,wH
TQM74061.1,wH
TRZ37698.1,wH
TRZ98547.1,HTH
TSA10421.1,HTH
TSA14521.1,HTH
TSA51492.1,HTH
TSA55096.1,HTH
TVP76704.1,HTH
TVP83130.1,HTH
TVP89796.1,HTH
TVQ16434.1,HTH
TVQ16941.1,HTH
TVQ26241.1,HTH
TVQ76898.1,HTH
TVQ90009.1,HTH
TVR24939.1,HTH
TVR27170.1,wH
TVR34245.1,HTH
TVR46033.1,HTH
TVR91370.1,wH
TVR91589.1,wH
TVS07521.1,HTH
TVS10091.1,HTH
TVS19250.1,HTH
TWB26416.1,wH
TWB37010.1,wH
TWB56469.1,wH
TWI50318.1,HTH
TWI62615.1,HTH
TWT70455.1,HTH
TXG80694.1,HTH
TXH03570.1,HTH
TXH35082.1,HTH
TXH37670.1,wH
TXH64735.1,HTH
TXI70263.1,HTH
TXI82733.1,HTH
TXI84283.1,HTH
TXJ00781.1,HTH
TXT25631.1,HTH
TXT49216.1,wH
TYP76532.1,wH
VBB40042.1,HTH
VDG62901.1,HTH
VDR32743.1,wH
VIG79438.1,wH
VIN76580.1,wH
VTR34577.1,HTH
VUO22022.1,wH
VUO76756.1,wH
VUP89522.1,wH
VUQ18739.1,wH
VUQ26398.1,wH
VVJ15324.1,wH
VVM04412.1,wH
VVP43122.1,HTH
VVT19186.1,wH
WP_002615133.1,wH
WP_002630276.1,wH
WP_002726749.1,HTH
WP_003023441.1,wH
WP_003394425.1,wH
WP_003422314.1,wH
WP_003472452.1,wH
WP_003488214.1,wH
WP_003495792.1,wH
WP_003597598.1,wH
WP_003619612.1,wH
WP_003791043.1,wH
WP_003870440.1,wH
WP_003979538.1,wH
WP_004007997.1,wH
WP_004013225.1,wH
WP_004075283.1,HTH
WP_004123388.1,wH
WP_004217738.1,wH
WP_004221211.1,wH
WP_004331600.1,wH
WP_004399019.1,wH
WP_004565633.1,wH
WP_004581337.1,wH
WP_005000501.1,HTH
WP_005155588.1,wH
WP_005431183.1,HTH
WP_005431975.1,HTH
WP_005521348.1,HTH
WP_005582362.1,HTH
WP_005629278.1,wH
WP_005814304.1,wH
WP_005830029.1,wH
WP_005991461.1,HTH
WP_006049568.1,wH
WP_006192497.1,HTH
WP_006208158.1,wH
WP_006238434.1,HTH
WP_006292983.1,wH
WP_006319303.1,wH
WP_006321624.1,wH
WP_006322998.1,wH
WP_006338490.1,wH
WP_006548002.1,wH
WP_006560890.1,wH
WP_006567251.1,wH
WP_006726533.1,wH
WP_006829836.1,wH
WP_006837926.1,wH
WP_006887005.1,wH
WP_006903531.1,wH
WP_006945717.1,wH
WP_006947639.1,wH
WP_006983200.1,HTH
WP_007020542.1,HTH
WP_007051909.1,wH
WP_007062801.1,wH
WP_007084915.1,wH
WP_007184179.1,HTH
WP_007288678.1,wH
WP_007289750.1,wH
WP_007290617.1,wH
WP_007319777.1,HTH
WP_007320825.1,wH
WP_007429611.1,wH
WP_007455837.1,wH
WP_007473962.1,wH
WP_007498313.1,wH
WP_007519601.1,wH
WP_007573045.1,wH
WP_007574431.1,wH
WP_007673261.1,wH
WP_007708458.1,HTH
WP_007722748.1,wH
WP_007931591.1,wH
WP_008004537.1,HTH
WP_008061190.1,wH
WP_008098476.1,wH
WP_008133930.1,wH
WP_008173941.1,wH
WP_008208322.1,wH
WP_008231242.1,wH
WP_008280030.1,wH
WP_008283731.1,HTH
WP_008297037.1,wH
WP_008422499.1,wH
WP_008425285.1,wH
WP_008430982.1,wH
WP_008474634.1,HTH
WP_008522086.1,HTH
WP_008587443.1,wH
WP_008718060.1,wH
WP_008834084.1,wH
WP_008865110.1,HTH
WP_008877673.1,wH
WP_008907989.1,wH
WP_009055907.1,wH
WP_009065541.1,wH
WP_009078375.1,wH
WP_009085400.1,wH
WP_009147600.1,HTH
WP_009156183.1,wH
WP_009180538.1,wH
WP_009289849.1,wH
WP_009316433.1,wH
WP_009360799.1,wH
WP_009362731.1,wH
WP_009368431.1,HTH
WP_009373760.1,wH
WP_009381912.1,wH
WP_009532013.1,wH
WP_009620896.1,wH
WP_009794788.1,wH
WP_009807671.1,wH
WP_009823683.1,wH
WP_009903832.1,wH
WP_009964300.1,HTH
WP_010023849.1,wH
WP_010229499.1,wH
WP_010242647.1,wH
WP_010244028.1,wH
WP_010267491.1,wH
WP_010270482.1,wH
WP_010272295.1,wH
WP_010286159.1,wH
WP_010301194.1,wH
WP_010309847.1,wH
WP_010344484.1,wH
WP_010348512.1,wH
WP_010349178.1,wH
WP_010400398.1,wH
WP_010491130.1,wH
WP_010495265.1,wH
WP_010497548.1,wH
WP_010498943.1,wH
WP_010511652.1,wH
WP_010516284.1,wH
WP_010532634.1,HTH
WP_010584645.1,HTH
WP_010682017.1,wH
WP_010690853.1,HTH
WP_010747441.1,wH
WP_010749640.1,wH
WP_010780385.1,wH
WP_010834696.1,wH
WP_010849430.1,wH
WP_010897743.1,wH
WP_010939847.1,HTH
WP_011140574.1,HTH
WP_011230409.1,wH
WP_011392346.1,wH
WP_011415299.1,wH
WP_011536950.1,wH
WP_011565936.1,wH
WP_011584653.1,HTH
WP_011597304.1,wH
WP_011629570.1,HTH
WP_011630894.1,wH
WP_011720430.1,wH
WP_011736988.1,HTH
WP_011751604.1,HTH
WP_011877006.1,wH
WP_011905099.1,wH
WP_011926848.1,wH
WP_011954990.1,wH
WP_011958185.1,wH
WP_011970801.1,wH
WP_012061175.1,wH
WP_012119503.1,wH
WP_012122789.1,wH
WP_012204603.1,wH
WP_012224950.1,wH
WP_012256019.1,wH
WP_012317527.1,wH
WP_012335428.1,wH
WP_012371891.1,wH
WP_012448740.1,HTH
WP_012453681.1,wH
WP_012575525.1,wH
WP_012695695.1,HTH
WP_012697670.1,wH
WP_012726490.1,wH
WP_012727305.1,wH
WP_012813137.1,wH
WP_012818430.1,wH
WP_012843493.1,wH
WP_012865977.1,wH
WP_012871848.1,HTH
WP_012891941.1,wH
WP_012936438.1,HTH
WP_012969973.1,HTH
WP_012977816.1,HTH
WP_012996138.1,wH
WP_013002589.1,wH
WP_013018973.1,HTH
WP_013031809.1,HTH
WP_013049272.1,HTH
WP_013074510.1,HTH
WP_013108655.1,HTH
WP_013112007.1,HTH
WP_013120103.1,wH
WP_013150960.1,wH
WP_013178958.1,wH
WP_013230050.1,wH
WP_013261984.1,HTH
WP_013262780.1,HTH
WP_013275119.1,wH
WP_013284210.1,wH
WP_013285422.1,wH
WP_013300511.1,HTH
WP_013309454.1,wH
WP_013360729.1,HTH
WP_013402143.1,wH
WP_013489637.1,wH
WP_013492082.1,wH
WP_013495997.1,wH
WP_013515962.1,wH
WP_013523220.1,wH
WP_013530014.1,wH
WP_013560660.1,wH
WP_013651949.1,wH
WP_013666997.1,HTH
WP_013703059.1,wH
WP_013760608.1,wH
WP_013768867.1,HTH
WP_013786969.1,wH
WP_013863400.1,wH
WP_013873971.1,HTH
WP_013916464.1,wH
WP_013994392.1,HTH
WP_014037666.1,wH
WP_014067438.1,wH
WP_014106853.1,wH
WP_014135976.1,wH
WP_014179142.1,wH
WP_014189058.1,wH
WP_014192702.1,wH
WP_014201410.1,HTH
WP_014203561.1,HTH
WP_014236936.1,HTH
WP_014238396.1,HTH
WP_014242084.1,wH
WP_014491830.1,wH
WP_014625759.1,wH
WP_014647595.1,wH
WP_014697825.1,wH
WP_014757665.1,wH
WP_014804964.1,HTH
WP_014971730.1,wH
WP_015021924.1,HTH
WP_015044793.1,wH
WP_015145439.1,HTH
WP_015168173.1,HTH
WP_015190876.1,wH
WP_015234480.1,wH
WP_015250057.1,HTH
WP_015254770.1,wH
WP_015297831.1,wH
WP_015334048.1,HTH
WP_015400612.1,wH
WP_015436914.1,HTH
WP_015450393.1,wH
WP_015594801.1,wH
WP_015620124.1,wH
WP_015621466.1,wH
WP_015657079.1,wH
WP_015772144.1,HTH
WP_015775964.1,wH
WP_015793678.1,wH
WP_015880873.1,wH
WP_015894170.1,wH
WP_015923686.1,HTH
WP_015932414.1,wH
WP_015940194.1,wH
WP_015943590.1,wH
WP_015950694.1,wH
WP_016199768.1,wH
WP_016223521.1,wH
WP_016322908.1,wH
WP_016337376.1,wH
WP_016423993.1,wH
WP_016474450.1,HTH
WP_016509376.1,wH
WP_016573424.1,wH
WP_016638718.1,wH
WP_016699950.1,wH
WP_016765493.1,wH
WP_016820487.1,wH
WP_016874265.1,HTH
WP_016999311.1,wH
WP_017013979.1,HTH
WP_017176462.1,wH
WP_017203692.1,wH
WP_017250044.1,wH
WP_017426670.1,wH
WP_017485235.1,wH
WP_017534458.1,wH
WP_017557152.1,HTH
WP_017581364.1,HTH
WP_017616187.1,wH
WP_017621394.1,wH
WP_017625864.1,HTH
WP_017834857.1,HTH
WP_018043603.1,wH
WP_018097923,HTH
WP_018155129.1,wH
WP_018185702.1,wH
WP_018192572.1,wH
WP_018213195.1,wH
WP_018218846.1,wH
WP_018220824.1,wH
WP_018230624.1,wH
WP_018253573.1,wH
WP_018305061.1,wH
WP_018305942.1,wH
WP_018342749.1,HTH
WP_018393819.1,wH
WP_018424532,HTH
WP_018443806.1,wH
WP_018469697.1,wH
WP_018476907.1,wH
WP_018523189.1,wH
WP_018530955.1,wH
WP_018603860.1,wH
WP_018680795.1,wH
WP_018681794.1,wH
WP_018701722.1,wH
WP_018706303.1,wH
WP_018723599.1,wH
WP_018729820.1,wH
WP_018757295.1,wH
WP_018784999.1,wH
WP_018999430.1,wH
WP_019004484.1,HTH
WP_019069882.1,wH
WP_019092068.1,wH
WP_019156579.1,wH
WP_019171273.1,wH
WP_019203507.1,wH
WP_019224642.1,wH
WP_019245107.1,wH
WP_019330295.1,wH
WP_019358820.1,wH
WP_019366208.1,HTH
WP_019380220.1,wH
WP_019417277.1,wH
WP_019499216.1,wH
WP_019525846.1,wH
WP_019532697.1,wH
WP_019860633.1,wH
WP_019871085.1,wH
WP_019903960.1,wH
WP_019963959.1,wH
WP_020076414.1,wH
WP_020091831.1,wH
WP_020097826.1,wH
WP_020430801.1,wH
WP_020482820.1,wH
WP_020519329.1,wH
WP_020522080.1,HTH
WP_020522818.1,wH
WP_020539234.1,HTH
WP_020631661.1,wH
WP_020641499.1,wH
WP_020652279.1,wH
WP_020670229.1,wH
WP_020674767.1,HTH
WP_020678382.1,wH
WP_020699359.1,wH
WP_020880768.1,wH
WP_020924786.1,wH
WP_020952919.1,HTH
WP_020959819.1,wH
WP_021066180.1,wH
WP_021067622.1,wH
WP_021067764.1,wH
WP_021094525.1,wH
WP_021094577.1,wH
WP_021168603.1,wH
WP_021208647.1,wH
WP_021253374.1,wH
WP_021291226.1,wH
WP_021365975.1,wH
WP_021376721.1,wH
WP_021406906.1,wH
WP_021442456.1,wH
WP_021473669.1,wH
WP_021618507.1,wH
WP_021656530.1,HTH
WP_021717395.1,wH
WP_021796757.1,wH
WP_021925193.1,wH
WP_022033150.1,wH
WP_022165105.1,wH
WP_022230132.1,wH
WP_022292750.1,wH
WP_022304476.1,wH
WP_022563207.1,HTH
WP_022754566.1,wH
WP_022825135.1,wH
WP_022861374.1,wH
WP_023358973.1,wH
WP_023360108.1,wH
WP_023370881.1,wH
WP_023553293.1,wH
WP_023627225.1,wH
WP_023627485.1,wH
WP_023651791.1,HTH
WP_023744302.1,wH
WP_023751241.1,wH
WP_023761217.1,wH
WP_023770265.1,wH
WP_023961262.1,wH
WP_023964592.1,wH
WP_023978825.1,wH
WP_023987823.1,wH
WP_024296956.1,HTH
WP_024357716.1,wH
WP_024371595.1,wH
WP_024446819.1,wH
WP_024462887.1,wH
WP_024565125.1,wH
WP_024799419.1,wH
WP_024805611.1,HTH
WP_024857758.1,HTH
WP_025033886.1,wH
WP_025134756.1,wH
WP_025242065.1,wH
WP_025280534.1,HTH
WP_025285764.1,wH
WP_025318037.1,wH
WP_025319459.1,wH
WP_025354542.1,wH
WP_025364467.1,wH
WP_025413723.1,wH
WP_025414277.1,wH
WP_025436315.1,wH
WP_025617538.1,wH
WP_025676402.1,wH
WP_025681884.1,wH
WP_025715921.1,wH
WP_025723943.1,wH
WP_025777730.1,HTH
WP_025805152.1,wH
WP_025825878.1,wH
WP_025840470.1,wH
WP_025846431.1,wH
WP_025847152.1,wH
WP_025850647.1,wH
WP_025886694.1,wH
WP_026106955.1,wH
WP_026119054.1,HTH
WP_026132489.1,wH
WP_026151297.1,wH
WP_026169310.1,wH
WP_026196678.1,wH
WP_026398309.1,wH
WP_026412065.1,wH
WP_026419466.1,HTH
WP_026425517.1,wH
WP_026435962.1,HTH
WP_026534152.1,wH
WP_026573333.1,wH
WP_026584175.1,wH
WP_026597655.1,wH
WP_026604713.1,HTH
WP_026615061,HTH
WP_026629447.1,wH
WP_026645003.1,wH
WP_026685296.1,wH
WP_026687523.1,HTH
WP_026700757.1,wH
WP_026762823.1,HTH
WP_026775912.1,HTH
WP_026789766.1,wH
WP_026799560.1,wH
WP_026801243.1,HTH
WP_026820163.1,wH
WP_026825821.1,wH
WP_026826730.1,wH
WP_026827044.1,wH
WP_026835902.1,wH
WP_026858086.1,wH
WP_026860566.1,wH
WP_026866342.1,wH
WP_026882364.1,wH
WP_026889476.1,wH
WP_026930096.1,wH
WP_027007355.1,wH
WP_027030627.1,wH
WP_027143343.1,wH
WP_027173535.1,wH
WP_027175379.1,HTH
WP_027496404.1,wH
WP_027660255.1,wH
WP_027718389.1,wH
WP_027719452.1,wH
WP_027760029.1,wH
WP_027888167.1,wH
WP_027938346.1,wH
WP_027938737.1,HTH
WP_027954461.1,wH
WP_028053098.1,HTH
WP_028057861.1,wH
WP_028058684.1,wH
WP_028063918.1,wH
WP_028064054.1,wH
WP_028134258.1,wH
WP_028147916.1,wH
WP_028157849.1,wH
WP_028280274.1,wH
WP_028397638.1,wH
WP_028438790.1,wH
WP_028496755.1,wH
WP_028538944.1,wH
WP_028542941.1,wH
WP_028563801.1,wH
WP_028645200.1,wH
WP_028651799.1,HTH
WP_028992297.1,wH
WP_029011227.1,HTH
WP_029065099.1,wH
WP_029113356.1,wH
WP_029162695.1,wH
WP_029192975.1,wH
WP_029332769.1,wH
WP_029334303.1,wH
WP_029516529.1,wH
WP_029567251.1,wH
WP_029587666,HTH
WP_029595330.1,wH
WP_029621548.1,wH
WP_029621659.1,wH
WP_029622923.1,wH
WP_029632419.1,wH
WP_029675618.1,wH
WP_029746761.1,HTH
WP_029889726.1,HTH
WP_029897161.1,HTH
WP_030135302.1,wH
WP_030163589.1,wH
WP_030170194.1,wH
WP_030174102.1,wH
WP_030209839.1,wH
WP_030237010.1,wH
WP_030257410.1,wH
WP_030323294.1,wH
WP_030356545.1,wH
WP_030362236.1,wH
WP_030373733.1,wH
WP_030375971.1,wH
WP_030382470.1,wH
WP_030428482.1,wH
WP_030434548.1,wH
WP_030451302.1,wH
WP_030456653.1,wH
WP_030459640.1,wH
WP_030466902.1,wH
WP_030471456.1,wH
WP_030481339.1,wH
WP_030481841.1,wH
WP_030501405.1,wH
WP_030509456.1,wH
WP_030526779.1,wH
WP_030544801.1,wH
WP_030580780.1,wH
WP_030612487.1,wH
WP_030633007.1,wH
WP_030652980.1,wH
WP_030653637.1,wH
WP_030689313.1,wH
WP_030699486.1,wH
WP_030781890.1,wH
WP_030827898.1,wH
WP_030904055.1,wH
WP_030911726.1,wH
WP_030998441.1,wH
WP_031036121.1,wH
WP_031058088.1,wH
WP_031087749.1,wH
WP_031095833.1,wH
WP_031140925.1,wH
WP_031144502.1,wH
WP_031147121.1,wH
WP_031191792.1,wH
WP_031357290.1,wH
WP_031404957.1,wH
WP_031409578.1,wH
WP_031421107.1,wH
WP_031422311.1,wH
WP_031473526.1,wH
WP_031559945.1,wH
WP_032371022.1,wH
WP_032376819.1,wH
WP_032397472.1,wH
WP_032404720.1,wH
WP_032789994.1,wH
WP_033008543.1,wH
WP_033030184.1,wH
WP_033119942.1,wH
WP_033151951.1,wH
WP_033284091.1,wH
WP_033322208.1,wH
WP_033343350.1,wH
WP_033364613.1,wH
WP_033367444.1,wH
WP_033388349.1,wH
WP_033505423.1,wH
WP_033515510.1,wH
WP_033844918.1,wH
WP_033953569.1,wH
WP_034285992.1,wH
WP_034297105.1,wH
WP_034305757.1,wH
WP_034423923.1,wH
WP_034465233.1,wH
WP_034496475.1,wH
WP_034549463.1,wH
WP_034560373.1,HTH
WP_034596888.1,HTH
WP_034599526.1,wH
WP_034630364.1,wH
WP_034637133.1,wH
WP_034677293.1,wH
WP_034722495.1,wH
WP_034730519.1,wH
WP_034758246.1,wH
WP_034777838.1,wH
WP_034805076.1,wH
WP_034806679.1,wH
WP_034808685.1,wH
WP_034814571.1,wH
WP_034818204.1,wH
WP_034906042.1,HTH
WP_035046019.1,wH
WP_035048125.1,wH
WP_035063918.1,wH
WP_035064144.1,wH
WP_035080065.1,wH
WP_035202813.1,HTH
WP_035320784.1,wH
WP_035332563.1,wH
WP_035339742.1,HTH
WP_035349882.1,wH
WP_035360053.1,wH
WP_035386258.1,wH
WP_035393376.1,wH
WP_035499390.1,wH
WP_035504825.1,wH
WP_035550245.1,HTH
WP_035680154.1,wH
WP_035803078.1,wH
WP_035808761.1,wH
WP_035863105.1,wH
WP_035882399.1,HTH
WP_035933846.1,wH
WP_036166347,HTH
WP_036209506.1,wH
WP_036259987.1,wH
WP_036310764.1,HTH
WP_036332709.1,wH
WP_036375151.1,wH
WP_036391644.1,wH
WP_036395633.1,wH
WP_036430170.1,wH
WP_036473118.1,wH
WP_036495897.1,wH
WP_036509768.1,wH
WP_036631784.1,wH
WP_036638366.1,wH
WP_036664946.1,wH
WP_036676192.1,wH
WP_036678199.1,wH
WP_036714948.1,wH
WP_037021925.1,wH
WP_037147893.1,wH
WP_037188173.1,wH
WP_037241912.1,wH
WP_037254007.1,wH
WP_037289300.1,wH
WP_037317556.1,wH
WP_037319782.1,wH
WP_037322550.1,wH
WP_037340495.1,wH
WP_037489501.1,wH
WP_037532544.1,wH
WP_037594539.1,HTH
WP_037605320.1,wH
WP_037620026.1,wH
WP_037781009.1,wH
WP_037793370.1,wH
WP_037846290.1,wH
WP_037925828.1,wH
WP_038045543.1,wH
WP_038088044.1,wH
WP_038148966.1,wH
WP_038250066.1,HTH
WP_038261366.1,wH
WP_038465337.1,HTH
WP_038480367.1,wH
WP_038484460.1,wH
WP_038566843.1,wH
WP_038667483.1,wH
WP_038695305.1,wH
WP_038704180.1,wH
WP_038935647.1,wH
WP_038942537.1,wH
WP_038991294.1,wH
WP_039128661.1,wH
WP_039193744.1,wH
WP_039236034.1,wH
WP_039275141.1,wH
WP_039301212.1,wH
WP_039397875.1,wH
WP_039646352.1,HTH
WP_039740046.1,wH
WP_039782724.1,wH
WP_039812861.1,wH
WP_039820946.1,wH
WP_039834982.1,wH
WP_039910887.1,wH
WP_039921523.1,wH
WP_039936652.1,wH
WP_040021744.1,HTH
WP_040037911.1,wH
WP_040136964.1,wH
WP_040205166.1,wH
WP_040302153.1,wH
WP_040329206.1,wH
WP_040493007.1,wH
WP_040637963.1,HTH
WP_040659292.1,wH
WP_040706986.1,wH
WP_040752868.1,wH
WP_040856984.1,wH
WP_040928155.1,wH
WP_040989639.1,wH
WP_041121483.1,wH
WP_041134635.1,wH
WP_041219700.1,wH
WP_041230778.1,wH
WP_041561814.1,wH
WP_041638194.1,wH
WP_041790183.1,wH
WP_041954146.1,wH
WP_041965633.1,wH
WP_041977216.1,wH
WP_042058412.1,wH
WP_042190407.1,wH
WP_042196050.1,wH
WP_042216409.1,wH
WP_042277335.1,wH
WP_042282455.1,wH
WP_042336826.1,HTH
WP_042346286.1,wH
WP_042355228.1,wH
WP_042411642.1,wH
WP_042417464.1,wH
WP_042440779.1,wH
WP_042452097.1,wH
WP_042457997.1,wH
WP_042531899.1,HTH
WP_042681012.1,wH
WP_042725328.1,HTH
WP_042726055.1,wH
WP_042994138.1,wH
WP_043055926.1,HTH
WP_043057509.1,wH
WP_043061377.1,wH
WP_043064364.1,wH
WP_043068430.1,wH
WP_043072321.1,wH
WP_043127440.1,wH
WP_043267626.1,wH
WP_043357098.1,wH
WP_043441108.1,wH
WP_043518013.1,wH
WP_043586355.1,wH
WP_043719406.1,wH
WP_043755618.1,wH
WP_043890679.1,wH
WP_043962905.1,wH
WP_043965789.1,wH
WP_044180732.1,wH
WP_044181635.1,wH
WP_044216448.1,HTH
WP_044248939.1,wH
WP_044293194.1,wH
WP_044394380.1,wH
WP_044408778.1,wH
WP_044418191.1,wH
WP_044446062.1,wH
WP_044473961.1,wH
WP_044495043.1,wH
WP_044512336.1,wH
WP_044515260.1,wH
WP_044645342.1,wH
WP_044733130.1,wH
WP_044743542.1,wH
WP_044835452.1,wH
WP_044839167.1,wH
WP_044851716.1,wH
WP_044853223.1,wH
WP_044896475.1,wH
WP_045076526.1,wH
WP_045162606.1,wH
WP_045164820.1,wH
WP_045169389.1,wH
WP_045180577.1,wH
WP_045195854.1,wH
WP_045226253.1,HTH
WP_045235131.1,wH
WP_045245907.1,HTH
WP_045248279.1,wH
WP_045277541.1,HTH
WP_045311895.1,wH
WP_045312285.1,wH
WP_045408469.1,wH
WP_045517393.1,wH
WP_045538618.1,wH
WP_045582870.1,wH
WP_045693912.1,wH
WP_045823995.1,wH
WP_045879943.1,wH
WP_045947493.1,wH
WP_045952198.1,wH
WP_045997742.1,wH
WP_046008410.1,wH
WP_046131576.1,wH
WP_046154103.1,HTH
WP_046216508.1,wH
WP_046297037.1,wH
WP_046311995.1,HTH
WP_046348196.1,HTH
WP_046454071.1,wH
WP_046456293.1,wH
WP_046480281.1,HTH
WP_046524118.1,wH
WP_046564340.1,wH
WP_046566021.1,wH
WP_046591449.1,wH
WP_046643815.1,HTH
WP_046677110.1,wH
WP_046769057.1,wH
WP_046859361.1,HTH
WP_046869713.1,wH
WP_046909742.1,wH
WP_046969190.1,wH
WP_047073551.1,wH
WP_047140736.1,wH
WP_047154757.1,wH
WP_047214145.1,HTH
WP_047259133.1,HTH
WP_047396798.1,wH
WP_047443018.1,wH
WP_047562388.1,wH
WP_047794850.1,wH
WP_048008668.1,wH
WP_048031340.1,wH
WP_048227975,HTH
WP_048426853.1,wH
WP_048436489.1,wH
WP_048441838.1,HTH
WP_048442759.1,wH
WP_048451226.1,wH
WP_048478714.1,HTH
WP_048551239.1,wH
WP_048603235.1,HTH
WP_048681145.1,wH
WP_048698102.1,wH
WP_048836565.1,wH
WP_048856578.1,wH
WP_049108066.1,wH
WP_049413006.1,wH
WP_049429698.1,wH
WP_049444326.1,wH
WP_049458664.1,wH
WP_049575550.1,wH
WP_049660432.1,wH
WP_049670525.1,wH
WP_049699404.1,HTH
WP_049715183.1,wH
WP_049716434.1,wH
WP_049736818.1,wH
WP_049828692.1,wH
WP_049829549.1,wH
WP_049835452.1,wH
WP_050183886.1,wH
WP_050364476.1,wH
WP_050378636.1,wH
WP_050452606.1,wH
WP_050639022.1,HTH
WP_050671904.1,wH
WP_050726523.1,wH
WP_050771185.1,HTH
WP_050980301.1,wH
WP_051196605.1,wH
WP_051341204.1,HTH
WP_051527729.1,HTH
WP_051569974.1,HTH
WP_051734918.1,wH
WP_051736793.1,wH
WP_051756443.1,wH
WP_051814343.1,wH
WP_051839336.1,wH
WP_051855031.1,wH
WP_051964277.1,wH
WP_052030096.1,wH
WP_052129266.1,wH
WP_052189635.1,wH
WP_052322714.1,wH
WP_052371946.1,wH
WP_052407691.1,wH
WP_052504056.1,wH
WP_052596815.1,wH
WP_052665795.1,HTH
WP_052693639.1,wH
WP_052820525.1,wH
WP_052825387.1,wH
WP_052831748.1,wH
WP_052863549.1,wH
WP_052963492.1,HTH
WP_053079849.1,wH
WP_053134293.1,wH
WP_053141231.1,wH
WP_053347266.1,wH
WP_053367216.1,wH
WP_053379154.1,wH
WP_053387110.1,wH
WP_053420443.1,wH
WP_053435346.1,wH
WP_053437556.1,wH
WP_053477710.1,wH
WP_053510310.1,wH
WP_053614043.1,wH
WP_053618748.1,HTH
WP_053626533.1,wH
WP_053628809.1,wH
WP_053653468.1,wH
WP_053685342.1,wH
WP_053698676.1,HTH
WP_053699672.1,wH
WP_053733436.1,wH
WP_053755153.1,wH
WP_053843370.1,HTH
WP_053859998.1,wH
WP_053939934.1,HTH
WP_053954828.1,wH
WP_054012863.1,wH
WP_054036491.1,HTH
WP_054148735.1,wH
WP_054157486.1,wH
WP_054232379.1,wH
WP_054260624.1,wH
WP_054288428.1,wH
WP_054327475.1,wH
WP_054433403.1,wH
WP_054462204.1,wH
WP_054474910.1,wH
WP_054501639.1,wH
WP_054637817.1,wH
WP_054670213.1,wH
WP_054687344.1,HTH
WP_054859342.1,wH
WP_054938388.1,wH
WP_054975352.1,wH
WP_054977013.1,wH
WP_054977539.1,wH
WP_055117823.1,wH
WP_055188130.1,wH
WP_055243938.1,wH
WP_055358988.1,wH
WP_055440302.1,wH
WP_055440689.1,wH
WP_055454069.1,wH
WP_055480862.1,HTH
WP_055482396.1,wH
WP_055488621.1,wH
WP_055490588.1,wH
WP_055503514.1,wH
WP_055519136.1,wH
WP_055527410.1,wH
WP_055575260.1,wH
WP_055596993.1,wH
WP_055649720.1,wH
WP_055686744.1,wH
WP_055690658.1,wH
WP_055706594.1,wH
WP_055712972.1,wH
WP_055736152.1,wH
WP_055742537.1,HTH
WP_055764360.1,wH
WP_055768705.1,wH
WP_055786084.1,wH
WP_055791912.1,wH
WP_055881498.1,wH
WP_055890916.1,wH
WP_055897212.1,HTH
WP_055922393.1,HTH
WP_055934602.1,wH
WP_055962632.1,wH
WP_055996550.1,wH
WP_056054402.1,HTH
WP_056095386.1,wH
WP_056115810.1,wH
WP_056126225.1,wH
WP_056136898.1,wH
WP_056147119.1,HTH
WP_056174982.1,wH
WP_056210745.1,wH
WP_056243157.1,wH
WP_056247352.1,wH
WP_056258865.1,HTH
WP_056268628.1,wH
WP_056279402.1,wH
WP_056306753.1,wH
WP_056334493.1,wH
WP_056363005.1,wH
WP_056365791.1,wH
WP_056424399.1,wH
WP_056469049.1,wH
WP_056490400.1,wH
WP_056499620.1,HTH
WP_056529299.1,wH
WP_056541066.1,wH
WP_056543245.1,wH
WP_056560662.1,wH
WP_056578934.1,wH
WP_056595615.1,wH
WP_056614488.1,wH
WP_056632681.1,wH
WP_056680318.1,wH
WP_056686233.1,wH
WP_056694593.1,wH
WP_056716998,HTH
WP_056729057.1,HTH
WP_056735435.1,wH
WP_056753903.1,wH
WP_056757127.1,wH
WP_056767203,HTH
WP_056794186.1,wH
WP_056797208,HTH
WP_056882506.1,wH
WP_056896516.1,HTH
WP_056897764.1,wH
WP_056917463.1,wH
WP_056922896.1,wH
WP_057170886.1,wH
WP_057193825,HTH
WP_057311553.1,wH
WP_057312096.1,wH
WP_057474258.1,wH
WP_057475603.1,wH
WP_057579280.1,wH
WP_057771398.1,wH
WP_057855803,HTH
WP_058004013.1,wH
WP_058009397.1,wH
WP_058190386.1,wH
WP_058230757.1,HTH
WP_058237062.1,wH
WP_058254047.1,HTH
WP_058263205.1,HTH
WP_058302841.1,wH
WP_058347618.1,wH
WP_058385017.1,wH
WP_058488823.1,wH
WP_058530528.1,HTH
WP_058762761.1,wH
WP_058764760.1,wH
WP_058768422.1,wH
WP_058887637.1,wH
WP_058888123.1,wH
WP_059005612.1,HTH
WP_059077444.1,wH
WP_059084260.1,wH
WP_059154751.1,wH
WP_059170995.1,wH
WP_059188911.1,wH
WP_059251246.1,wH
WP_060535216.1,HTH
WP_060565920.1,wH
WP_060575989.1,wH
WP_060576247.1,wH
WP_060672302.1,wH
WP_060731235.1,wH
WP_060846087.1,wH
WP_060860543.1,wH
WP_060868154.1,wH
WP_060895244.1,wH
WP_061072227.1,wH
WP_061122103.1,wH
WP_061299467.1,wH
WP_061300568.1,wH
WP_061300737.1,wH
WP_061347081.1,wH
WP_061464354.1,wH
WP_061559826.1,wH
WP_061610896.1,HTH
WP_061786636.1,wH
WP_061831421.1,wH
WP_061835994.1,wH
WP_061927125.1,wH
WP_061984836.1,wH
WP_062002729.1,wH
WP_062018146.1,HTH
WP_062070320.1,HTH
WP_062092091.1,wH
WP_062095470.1,wH
WP_062099993.1,wH
WP_062101385.1,wH
WP_062106286.1,wH
WP_062116481.1,wH
WP_062172439.1,wH
WP_062277879.1,wH
WP_062323655.1,wH
WP_062332636.1,HTH
WP_062335540.1,wH
WP_062336363.1,wH
WP_062341478.1,wH
WP_062345401.1,wH
WP_062349551.1,wH
WP_062356217.1,wH
WP_062392252.1,wH
WP_062409002.1,wH
WP_062409382.1,wH
WP_062435708.1,wH
WP_062438457.1,wH
WP_062439418.1,wH
WP_062454226.1,wH
WP_062515425.1,HTH
WP_062518330.1,wH
WP_062578528.1,wH
WP_062631976.1,wH
WP_062645797.1,wH
WP_062724172.1,wH
WP_062781679.1,wH
WP_062899989.1,wH
WP_062950897.1,wH
WP_062960123.1,wH
WP_062967544.1,wH
WP_063008607.1,wH
WP_063066515.1,wH
WP_063165929.1,wH
WP_063178518.1,wH
WP_063179248.1,wH
WP_063179508.1,wH
WP_063232734.1,wH
WP_063276108.1,wH
WP_063557259.1,wH
WP_063573987.1,wH
WP_063581157.1,wH
WP_063687031.1,wH
WP_063688764.1,HTH
WP_063704698.1,wH
WP_063757024.1,wH
WP_063778065.1,wH
WP_064008762.1,wH
WP_064214478.1,wH
WP_064221827.1,wH
WP_064279708.1,wH
WP_064313093.1,wH
WP_064448739.1,wH
WP_064774288.1,wH
WP_064879156.1,wH
WP_064947709.1,wH
WP_064953222.1,wH
WP_065000995.1,wH
WP_065031166.1,wH
WP_065037149.1,wH
WP_065077493.1,wH
WP_065116902.1,wH
WP_065147766.1,wH
WP_065294371.1,wH
WP_065322553.1,wH
WP_065328131.1,wH
WP_065334801.1,wH
WP_065415449.1,HTH
WP_065417180.1,wH
WP_065516642.1,wH
WP_065526036.1,wH
WP_065656201.1,wH
WP_065727750.1,wH
WP_065853618.1,HTH
WP_065856847.1,wH
WP_065920463.1,wH
WP_065960125.1,wH
WP_065968550.1,wH
WP_066047472.1,wH
WP_066070191.1,wH
WP_066086523.1,wH
WP_066107568.1,wH
WP_066137668.1,wH
WP_066138990.1,wH
WP_066151623.1,wH
WP_066191852.1,wH
WP_066195733.1,wH
WP_066200727.1,wH
WP_066224653.1,wH
WP_066237142.1,wH
WP_066241957.1,wH
WP_066278738.1,HTH
WP_066290571.1,wH
WP_066294119.1,wH
WP_066373031.1,wH
WP_066373092.1,wH
WP_066377580.1,HTH
WP_066395787.1,wH
WP_066418572.1,wH
WP_066432760.1,wH
WP_066444034.1,wH
WP_066508744.1,wH
WP_066526487.1,HTH
WP_066546097.1,HTH
WP_066560234.1,HTH
WP_066654480.1,wH
WP_066661850.1,HTH
WP_066785966.1,wH
WP_066821546.1,wH
WP_066920726.1,wH
WP_066961597.1,wH
WP_066977010.1,wH
WP_066988478.1,wH
WP_067013606.1,wH
WP_067030709.1,wH
WP_067049081.1,wH
WP_067095391.1,wH
WP_067115549.1,wH
WP_067126625.1,wH
WP_067129114.1,wH
WP_067132263.1,wH
WP_067139940.1,wH
WP_067169730.1,HTH
WP_067180736.1,wH
WP_067194482.1,HTH
WP_067220470.1,wH
WP_067229160.1,wH
WP_067306208.1,wH
WP_067307012.1,wH
WP_067316169.1,wH
WP_067320277.1,wH
WP_067341198.1,wH
WP_067371486.1,wH
WP_067435290.1,wH
WP_067446881.1,wH
WP_067482210.1,wH
WP_067494931.1,wH
WP_067498219.1,wH
WP_067528504.1,wH
WP_067548495.1,wH
WP_067564991.1,wH
WP_067571027.1,wH
WP_067573204.1,wH
WP_067577483.1,wH
WP_067584451.1,wH
WP_067619170.1,HTH
WP_067622341.1,wH
WP_067711175.1,wH
WP_067737657.1,wH
WP_067829657.1,wH
WP_067849209.1,wH
WP_067879885.1,wH
WP_067912300.1,wH
WP_067915050.1,wH
WP_067929026.1,wH
WP_067930060.1,wH
WP_067935249.1,wH
WP_067946161.1,wH
WP_067949744.1,wH
WP_067992139.1,wH
WP_068012336.1,wH
WP_068014257.1,wH
WP_068051735.1,wH
WP_068065392.1,wH
WP_068123151.1,wH
WP_068129951.1,wH
WP_068133165.1,HTH
WP_068152137.1,wH
WP_068175722.1,wH
WP_068192004.1,HTH
WP_068227136.1,HTH
WP_068235691.1,wH
WP_068273459.1,wH
WP_068297839.1,wH
WP_068297917.1,HTH
WP_068300326.1,wH
WP_068305661.1,wH
WP_068321994.1,wH
WP_068380530.1,wH
WP_068423866.1,wH
WP_068425183.1,HTH
WP_068437021.1,HTH
WP_068442622.1,wH
WP_068454504.1,wH
WP_068465199.1,HTH
WP_068502380.1,wH
WP_068526078.1,HTH
WP_068530302.1,wH
WP_068563523.1,HTH
WP_068590135.1,wH
WP_068598488.1,wH
WP_068609297.1,wH
WP_068663334.1,HTH
WP_068670403.1,wH
WP_068681812.1,HTH
WP_068725656.1,wH
WP_068726113.1,HTH
WP_068769748.1,HTH
WP_068858595.1,HTH
WP_068876332.1,wH
WP_068878097.1,wH
WP_068879230.1,wH
WP_068886502.1,wH
WP_068921547.1,wH
WP_068929343.1,HTH
WP_068979876.1,wH
WP_069042111.1,wH
WP_069130445.1,HTH
WP_069188073.1,wH
WP_069202851.1,wH
WP_069204670.1,wH
WP_069208793.1,wH
WP_069290885.1,wH
WP_069415505.1,wH
WP_069418677.1,wH
WP_069625725.1,wH
WP_069656758.1,HTH
WP_069702728.1,HTH
WP_069710817.1,wH
WP_069768292.1,HTH
WP_069780082.1,wH
WP_069782981.1,wH
WP_069805952.1,wH
WP_069812774.1,wH
WP_069834162.1,wH
WP_069847990.1,wH
WP_069896102.1,HTH
WP_069911705.1,wH
WP_069918704.1,wH
WP_069960624.1,wH
WP_069998095.1,wH
WP_070071428.1,wH
WP_070080166.1,wH
WP_070119368.1,wH
WP_070162346.1,wH
WP_070193732.1,wH
WP_070196188.1,wH
WP_070327120.1,wH
WP_070328942.1,wH
WP_070348299.1,wH
WP_070355653.1,wH
WP_070355810.1,wH
WP_070356443.1,wH
WP_070401113.1,wH
WP_070464101.1,wH
WP_070599698.1,wH
WP_070686033.1,wH
WP_070691201.1,wH
WP_070709958.1,wH
WP_070726292.1,wH
WP_070836207.1,wH
WP_070992427.1,HTH
WP_071023933.1,wH
WP_071034686.1,wH
WP_071053001.1,HTH
WP_071061445.1,wH
WP_071095537.1,wH
WP_071142851.1,wH
WP_071299233.1,wH
WP_071350431.1,wH
WP_071364992.1,wH
WP_071377643.1,wH
WP_071395628.1,wH
WP_071414941.1,wH
WP_071431640.1,wH
WP_071460009.1,wH
WP_071499296.1,wH
WP_071802806.1,wH
WP_071928006.1,wH
WP_071975558.1,wH
WP_072028160.1,wH
WP_072154554.1,wH
WP_072285720.1,HTH
WP_072287448.1,HTH
WP_072446642.1,wH
WP_072447871.1,wH
WP_072476230.1,wH
WP_072478796.1,wH
WP_072562535.1,wH
WP_072571754.1,wH
WP_072690803.1,wH
WP_072696091.1,wH
WP_072707785.1,wH
WP_072729630.1,wH
WP_072772992.1,wH
WP_072873021.1,HTH
WP_072873345.1,HTH
WP_072887406.1,wH
WP_072902241.1,wH
WP_072917402.1,HTH
WP_072988559.1,wH
WP_073007913.1,wH
WP_073025822.1,wH
WP_073048826.1,wH
WP_073076720.1,wH
WP_073118964.1,HTH
WP_073121958.1,HTH
WP_073167110.1,wH
WP_073260035.1,wH
WP_073297060.1,wH
WP_073333808.1,HTH
WP_073388159.1,wH
WP_073448408.1,wH
WP_073451066.1,HTH
WP_073468078.1,wH
WP_073578276.1,wH
WP_073627303.1,wH
WP_073701022.1,wH
WP_073706459.1,wH
WP_073710027.1,wH
WP_073711864.1,wH
WP_073815357.1,wH
WP_073832804.1,wH
WP_073834052.1,wH
WP_073839483.1,wH
WP_073858910.1,wH
WP_073905259.1,wH
WP_073911726.1,wH
WP_073930963.1,wH
WP_073933077.1,wH
WP_073943355.1,wH
WP_074033095.1,wH
WP_074033224.1,wH
WP_074036824.1,wH
WP_074037712.1,wH
WP_074040607.1,wH
WP_074045968.1,wH
WP_074239139.1,HTH
WP_074290461.1,HTH
WP_074317032.1,wH
WP_074473488.1,wH
WP_074586008.1,wH
WP_074620792.1,wH
WP_074789820.1,wH
WP_074824503.1,wH
WP_074948508.1,wH
WP_074950964.1,wH
WP_074999206.1,wH
WP_075025764.1,wH
WP_075026936.1,wH
WP_075036763.1,wH
WP_075062053.1,wH
WP_075072643.1,wH
WP_075083213.1,HTH
WP_075094672.1,HTH
WP_075104110.1,wH
WP_075127869.1,wH
WP_075197044.1,wH
WP_075220073.1,HTH
WP_075265877.1,HTH
WP_075273171.1,HTH
WP_075307535.1,wH
WP_075589817.1,HTH
WP_075598286.1,HTH
WP_075687992.1,wH
WP_075739839.1,wH
WP_075746647.1,wH
WP_075752602.1,wH
WP_075813428.1,HTH
WP_075838499.1,HTH
WP_075889089.1,HTH
WP_075892303.1,HTH
WP_075977497.1,wH
WP_075982176.1,wH
WP_076057590.1,wH
WP_076072939.1,wH
WP_076091271.1,wH
WP_076105601.1,wH
WP_076160189.1,wH
WP_076170622.1,wH
WP_076192241.1,wH
WP_076326181.1,wH
WP_076388427.1,wH
WP_076392443.1,wH
WP_076434608.1,wH
WP_076463968.1,wH
WP_076470229.1,wH
WP_076471249.1,wH
WP_076512401.1,wH
WP_076556476.1,wH
WP_076570047.1,wH
WP_076577725.1,wH
WP_076660903.1,wH
WP_076681424.1,wH
WP_076696863.1,wH
WP_076720148.1,HTH
WP_076806608.1,wH
WP_076810861.1,wH
WP_076985429.1,wH
WP_077014616.1,wH
WP_077088112.1,wH
WP_077102226.1,wH
WP_077113277.1,wH
WP_077129923.1,HTH
WP_077213844.1,wH
WP_077345517.1,wH
WP_077508768.1,HTH
WP_077534555.1,wH
WP_077589551.1,wH
WP_077592443.1,wH
WP_077615223.1,wH
WP_077616226.1,HTH
WP_077618646.1,wH
WP_077738796.1,wH
WP_077939679.1,wH
WP_078024691.1,wH
WP_078031245.1,wH
WP_078109523.1,wH
WP_078146376.1,wH
WP_078147628.1,wH
WP_078393140.1,wH
WP_078410897.1,wH
WP_078414908.1,wH
WP_078485399.1,HTH
WP_078495197.1,wH
WP_078694345.1,wH
WP_078711258.1,wH
WP_078770407.1,wH
WP_078848412.1,wH
WP_078876107.1,wH
WP_078905837.1,wH
WP_078915410.1,HTH
WP_078954610.1,wH
WP_078958309.1,wH
WP_078964214.1,wH
WP_078965581.1,wH
WP_078990831.1,wH
WP_078995028.1,wH
WP_079036855.1,HTH
WP_079100676.1,wH
WP_079103325.1,wH
WP_079131920.1,wH
WP_079160992.1,wH
WP_079163589.1,wH
WP_079175324.1,wH
WP_079181820.1,wH
WP_079290706.1,wH
WP_079315250.1,wH
WP_079409625.1,wH
WP_079413616.1,wH
WP_079413745.1,wH
WP_079426665.1,wH
WP_079426733.1,wH
WP_079431218.1,wH
WP_079438812.1,wH
WP_079479912.1,wH
WP_079509602.1,wH
WP_079530165.1,wH
WP_079586413.1,wH
WP_079906279.1,wH
WP_079910721.1,wH
WP_079922497.1,wH
WP_080055300.1,HTH
WP_080239676.1,HTH
WP_080457722.1,wH
WP_080785106.1,wH
WP_080810799.1,wH
WP_080834674.1,wH
WP_080845406.1,wH
WP_081207417.1,wH
WP_081360874.1,wH
WP_081361041.1,wH
WP_081379380.1,HTH
WP_081416932.1,HTH
WP_081440717.1,HTH
WP_081441001.1,HTH
WP_081508008.1,wH
WP_081552268.1,wH
WP_081683970.1,HTH
WP_081846199.1,HTH
WP_081857227.1,HTH
WP_081994649.1,HTH
WP_082125518.1,HTH
WP_082443991.1,wH
WP_082446120.1,wH
WP_082470685.1,wH
WP_082550973.1,wH
WP_082558866.1,wH
WP_082561125.1,HTH
WP_082568926.1,HTH
WP_082597430.1,HTH
WP_082662216.1,wH
WP_082670009.1,wH
WP_082794860.1,wH
WP_082867764.1,HTH
WP_082898253.1,wH
WP_082948511.1,HTH
WP_083024450.1,wH
WP_083235487.1,HTH
WP_083248414.1,HTH
WP_083282956.1,HTH
WP_083293040.1,wH
WP_083362956.1,wH
WP_083410491.1,wH
WP_083443307.1,wH
WP_083457779.1,HTH
WP_083462042.1,HTH
WP_083462505.1,wH
WP_083483024.1,HTH
WP_083686460.1,HTH
WP_083747505,HTH
WP_083821046.1,wH
WP_083845334.1,wH
WP_083980171.1,wH
WP_084129344.1,wH
WP_084208446.1,HTH
WP_084221245.1,wH
WP_084245456.1,wH
WP_084253000.1,HTH
WP_084253217.1,wH
WP_084267207.1,HTH
WP_084300164.1,HTH
WP_084300634.1,wH
WP_084349030.1,wH
WP_084373265.1,HTH
WP_084400923.1,wH
WP_084478623.1,wH
WP_084512962.1,wH
WP_084529263.1,HTH
WP_084577521.1,wH
WP_084577947.1,wH
WP_084614350.1,HTH
WP_084620573.1,wH
WP_084621306.1,HTH
WP_084663074.1,wH
WP_084717999.1,HTH
WP_084731390.1,HTH
WP_084758004.1,wH
WP_084764522.1,HTH
WP_084801655.1,HTH
WP_084805582.1,wH
WP_085014868.1,wH
WP_085035434,HTH
WP_085083350.1,wH
WP_085099810.1,wH
WP_085112471.1,wH
WP_085175170.1,wH
WP_085219899.1,wH
WP_085283943.1,wH
WP_085289778.1,wH
WP_085351188.1,HTH
WP_085424907.1,wH
WP_085441823.1,HTH
WP_085493711.1,wH
WP_085553331.1,wH
WP_085554354.1,wH
WP_085556395.1,wH
WP_085559894.1,wH
WP_085700734.1,HTH
WP_085752479,HTH
WP_085753821.1,HTH
WP_085788444.1,wH
WP_085788551.1,wH
WP_085807180.1,wH
WP_085821461.1,wH
WP_085871565.1,wH
WP_085878199.1,wH
WP_085891089.1,wH
WP_085991996.1,wH
WP_086066616.1,HTH
WP_086118950.1,HTH
WP_086127905.1,wH
WP_086171957.1,wH
WP_086176803.1,HTH
WP_086380634.1,wH
WP_086438196.1,HTH
WP_086471232.1,wH
WP_086485541.1,HTH
WP_086488598.1,HTH
WP_086511641.1,wH
WP_086517784.1,wH
WP_086520292.1,wH
WP_086578569.1,wH
WP_086614586.1,HTH
WP_086662934.1,wH
WP_086667170.1,wH
WP_086678711.1,wH
WP_086697323.1,wH
WP_086717069.1,wH
WP_086723906.1,wH
WP_086732118.1,wH
WP_086738248.1,wH
WP_086820518.1,wH
WP_086829906.1,wH
WP_086919454.1,HTH
WP_086950697.1,wH
WP_086999738.1,wH
WP_087026853.1,wH
WP_087029491.1,wH
WP_087062766.1,HTH
WP_087073763.1,wH
WP_087075486.1,wH
WP_087076444.1,wH
WP_087098633.1,wH
WP_087099152.1,wH
WP_087198637.1,wH
WP_087219172.1,wH
WP_087233146.1,wH
WP_087246305.1,wH
WP_087246592.1,wH
WP_087324991.1,wH
WP_087342910.1,wH
WP_087364789.1,wH
WP_087484154.1,HTH
WP_087631775.1,wH
WP_087646967.1,wH
WP_087656840.1,wH
WP_087773834.1,wH
WP_087797030.1,wH
WP_087798032.1,wH
WP_087804541.1,wH
WP_087882515.1,wH
WP_087914170.1,wH
WP_088026383.1,wH
WP_088050502.1,wH
WP_088149030.1,wH
WP_088285834.1,wH
WP_088290075.1,wH
WP_088317373.1,wH
WP_088317518.1,wH
WP_088388118.1,HTH
WP_088469901.1,wH
WP_088518346.1,wH
WP_088548594.1,wH
WP_088570339.1,wH
WP_088570652.1,wH
WP_088621678.1,wH
WP_088624152.1,HTH
WP_088690383.1,HTH
WP_088861114.1,wH
WP_088888834.1,wH
WP_088944340.1,wH
WP_088962822.1,wH
WP_088963835.1,wH
WP_088969953.1,wH
WP_088970873.1,wH
WP_088977546.1,wH
WP_088978393.1,wH
WP_088981610.1,wH
WP_088990407.1,wH
WP_088994906.1,wH
WP_088995728.1,wH
WP_088995875.1,wH
WP_089010295.1,wH
WP_089015169.1,wH
WP_089082977.1,wH
WP_089130239.1,wH
WP_089155714.1,wH
WP_089156724.1,wH
WP_089156806.1,wH
WP_089163971.1,wH
WP_089245388.1,wH
WP_089252947.1,wH
WP_089253044.1,wH
WP_089288442.1,wH
WP_089298392.1,wH
WP_089313769.1,wH
WP_089391770.1,wH
WP_089407184.1,wH
WP_089512121.1,wH
WP_089524510.1,wH
WP_089545750.1,wH
WP_089654041.1,wH
WP_089683263.1,HTH
WP_089757510.1,HTH
WP_089837972.1,HTH
WP_089839507.1,wH
WP_089841838.1,wH
WP_089852744.1,wH
WP_089878734.1,wH
WP_089880989.1,wH
WP_089893191.1,wH
WP_089912187.1,wH
WP_089916385.1,wH
WP_089950242.1,wH
WP_089953001.1,wH
WP_089956248.1,wH
WP_089966951.1,wH
WP_089995781.1,HTH
WP_090005498.1,wH
WP_090005917.1,wH
WP_090044314.1,wH
WP_090048271.1,wH
WP_090055618.1,wH
WP_090070122.1,wH
WP_090072995.1,wH
WP_090080672.1,wH
WP_090095065.1,wH
WP_090098043.1,wH
WP_090104203.1,wH
WP_090142752.1,HTH
WP_090195341.1,wH
WP_090231752.1,wH
WP_090258821.1,HTH
WP_090259728.1,HTH
WP_090337056.1,wH
WP_090430572.1,wH
WP_090477658.1,wH
WP_090609180.1,HTH
WP_090631287.1,wH
WP_090637188.1,wH
WP_090637450.1,wH
WP_090674472.1,wH
WP_090744687.1,wH
WP_090808962,HTH
WP_090821722.1,wH
WP_090831220.1,wH
WP_090857528.1,wH
WP_090870359.1,HTH
WP_090892470.1,wH
WP_090910365.1,wH
WP_090917674.1,wH
WP_090933333.1,wH
WP_090986553.1,wH
WP_091018737.1,wH
WP_091044615.1,wH
WP_091048442.1,HTH
WP_091059860.1,wH
WP_091060086.1,HTH
WP_091060316.1,wH
WP_091064657.1,wH
WP_091115128.1,wH
WP_091117170.1,wH
WP_091117363.1,wH
WP_091118433.1,HTH
WP_091127599.1,wH
WP_091135743.1,wH
WP_091163686.1,HTH
WP_091184497.1,wH
WP_091191576.1,wH
WP_091198951.1,wH
WP_091201696.1,wH
WP_091212405.1,wH
WP_091229915.1,wH
WP_091246442.1,wH
WP_091285884.1,wH
WP_091292672.1,wH
WP_091310046.1,wH
WP_091316592.1,wH
WP_091329499.1,wH
WP_091333663.1,HTH
WP_091338941.1,wH
WP_091341430.1,wH
WP_091378875.1,wH
WP_091436450.1,wH
WP_091445649.1,wH
WP_091451575.1,HTH
WP_091453033.1,wH
WP_091468662.1,HTH
WP_091501027.1,wH
WP_091502683.1,wH
WP_091510131.1,HTH
WP_091510949.1,wH
WP_091526617.1,HTH
WP_091555675.1,wH
WP_091557528.1,wH
WP_091579142.1,wH
WP_091581585.1,wH
WP_091589747.1,wH
WP_091617471.1,wH
WP_091621910.1,wH
WP_091648797.1,wH
WP_091656356.1,wH
WP_091656488.1,wH
WP_091670731.1,wH
WP_091675129.1,wH
WP_091677302.1,wH
WP_091705169.1,wH
WP_091706919.1,HTH
WP_091733757.1,wH
WP_091745425.1,wH
WP_091753491.1,wH
WP_091843946.1,wH
WP_091889624.1,wH
WP_091917207.1,wH
WP_091917656.1,wH
WP_091942518.1,wH
WP_091945200.1,wH
WP_091966033.1,wH
WP_091970981.1,wH
WP_091971430.1,wH
WP_092035912.1,wH
WP_092037028.1,HTH
WP_092044860.1,HTH
WP_092073611.1,wH
WP_092095235.1,wH
WP_092105825.1,HTH
WP_092111635.1,wH
WP_092112695.1,HTH
WP_092187458.1,wH
WP_092196397.1,wH
WP_092196493.1,wH
WP_092260238.1,HTH
WP_092277650.1,wH
WP_092340544.1,wH
WP_092376357.1,HTH
WP_092416581.1,HTH
WP_092439121.1,wH
WP_092451361.1,wH
WP_092454952.1,wH
WP_092471862.1,wH
WP_092472426.1,wH
WP_092492671.1,wH
WP_092593426.1,wH
WP_092602223.1,HTH
WP_092609309.1,HTH
WP_092631236,HTH
WP_092652771.1,wH
WP_092671073.1,wH
WP_092774446.1,wH
WP_092775420.1,wH
WP_092860222.1,HTH
WP_092871158,HTH
WP_092911102,HTH
WP_092922194.1,wH
WP_092978892.1,wH
WP_093000764.1,wH
WP_093052358.1,wH
WP_093183679.1,HTH
WP_093186612.1,HTH
WP_093202666.1,wH
WP_093221565.1,wH
WP_093226089.1,wH
WP_093253607.1,HTH
WP_093273982.1,wH
WP_093298919.1,wH
WP_093335507.1,wH
WP_093337880.1,wH
WP_093352985.1,HTH
WP_093369611.1,wH
WP_093383754.1,wH
WP_093396211.1,wH
WP_093399372.1,wH
WP_093401933.1,wH
WP_093420227.1,wH
WP_093429245.1,wH
WP_093520361.1,wH
WP_093564735.1,wH
WP_093580475.1,wH
WP_093588014.1,wH
WP_093592309.1,wH
WP_093600497.1,wH
WP_093611286.1,wH
WP_093687251.1,HTH
WP_093688105.1,wH
WP_093690306.1,wH
WP_093703666.1,wH
WP_093736452.1,wH
WP_093766222.1,wH
WP_093790932.1,HTH
WP_093793637.1,wH
WP_093795105.1,wH
WP_093816624.1,wH
WP_093839090.1,wH
WP_093854888.1,wH
WP_093863520.1,wH
WP_093935921.1,wH
WP_093949763.1,wH
WP_094071912.1,wH
WP_094116127.1,wH
WP_094126120.1,HTH
WP_094129272.1,wH
WP_094237772.1,HTH
WP_094303642.1,wH
WP_094351842.1,wH
WP_094367033.1,wH
WP_094549122.1,wH
WP_094605267.1,wH
WP_094608040.1,wH
WP_094611743.1,wH
WP_094616540.1,wH
WP_094633735.1,wH
WP_094638079.1,HTH
WP_094645352.1,wH
WP_094650087.1,wH
WP_094658396.1,wH
WP_094675714.1,wH
WP_094683783.1,wH
WP_094705554.1,wH
WP_094763295.1,wH
WP_094874483.1,wH
WP_094883671.1,wH
WP_094921840.1,wH
WP_094928822.1,wH
WP_094930213.1,wH
WP_094941738.1,wH
WP_095041740.1,HTH
WP_095151026.1,wH
WP_095247249.1,wH
WP_095250388.1,wH
WP_095312875.1,wH
WP_095372717.1,wH
WP_095414845.1,wH
WP_095583248.1,wH
WP_095615344.1,wH
WP_095806965.1,wH
WP_095814428.1,wH
WP_095853893.1,wH
WP_095859591.1,wH
WP_095999380.1,wH
WP_096056668.1,wH
WP_096200531.1,wH
WP_096334220.1,wH
WP_096444696.1,wH
WP_096461460.1,HTH
WP_096484815.1,wH
WP_096492687.1,wH
WP_096541236.1,HTH
WP_096612342.1,HTH
WP_096626884.1,wH
WP_096668995.1,wH
WP_096696775.1,wH
WP_096702478.1,HTH
WP_096718917.1,wH
WP_096777139.1,wH
WP_097048632.1,wH
WP_097065201.1,HTH
WP_097070703.1,wH
WP_097085040.1,HTH
WP_097214516.1,wH
WP_097270776.1,wH
WP_097285298.1,wH
WP_097321595.1,wH
WP_097572311.1,wH
WP_097653720.1,wH
WP_097654810.1,wH
WP_097674688.1,wH
WP_097676368.1,wH
WP_097792300.1,wH
WP_097799558.1,wH
WP_097801981.1,wH
WP_097818885.1,wH
WP_097838670.1,wH
WP_097988905.1,wH
WP_098074586.1,wH
WP_098077115.1,HTH
WP_098168209.1,wH
WP_098242604.1,wH
WP_098243823.1,wH
WP_098245260.1,wH
WP_098261795.1,wH
WP_098309443.1,wH
WP_098353569.1,wH
WP_098369987.1,wH
WP_098419363.1,wH
WP_098461000.1,wH
WP_098502361.1,wH
WP_098511942.1,HTH
WP_098533034.1,wH
WP_098696641.1,wH
WP_098736456.1,wH
WP_098738495.1,HTH
WP_098794923.1,wH
WP_098915337.1,wH
WP_099025383.1,wH
WP_099302806.1,wH
WP_099313360.1,HTH
WP_099383181.1,wH
WP_099506510.1,wH
WP_099512696.1,wH
WP_099525356.1,wH
WP_099702671.1,wH
WP_099722853.1,wH
WP_099787746.1,wH
WP_099796603.1,HTH
WP_099862686.1,wH
WP_099899475.1,wH
WP_099942133.1,wH
WP_099956529.1,wH
WP_099963477.1,wH
WP_100079426.1,wH
WP_100109970.1,wH
WP_100196125.1,wH
WP_100200725.1,wH
WP_100349792.1,wH
WP_100351220.1,wH
WP_100367718.1,wH
WP_100414974.1,wH
WP_100423596.1,wH
WP_100487547.1,HTH
WP_100487767.1,wH
WP_100494230.1,wH
WP_100511185.1,wH
WP_100588597.1,wH
WP_100591132.1,HTH
WP_100661159.1,wH
WP_100667461.1,HTH
WP_100672435,HTH
WP_100674460.1,wH
WP_101074380.1,wH
WP_101288958.1,wH
WP_101444034.1,wH
WP_101492903.1,wH
WP_101551158.1,wH
WP_101556075.1,HTH
WP_101580128.1,wH
WP_101584469.1,HTH
WP_101601811.1,wH
WP_101613523.1,wH
WP_101650800.1,HTH
WP_101661480.1,wH
WP_101684061.1,HTH
WP_101715559.1,wH
WP_101719644.1,wH
WP_101727679.1,HTH
WP_101777841.1,wH
WP_101802894.1,wH
WP_101951712.1,wH
WP_102021908.1,wH
WP_102033158.1,wH
WP_102049956.1,wH
WP_102125573.1,wH
WP_102150209.1,wH
WP_102191574.1,HTH
WP_102325969.1,wH
WP_102335833.1,wH
WP_102509367.1,HTH
WP_102609134.1,wH
WP_102647259.1,wH
WP_102649159.1,HTH
WP_102657769.1,wH
WP_102713507.1,wH
WP_102834506.1,wH
WP_102852020.1,wH
WP_102911516.1,wH
WP_102917750.1,HTH
WP_103063853.1,wH
WP_103109146.1,wH
WP_103336833.1,wH
WP_103355484.1,wH
WP_103376200.1,wH
WP_103472811.1,HTH
WP_103525578.1,wH
WP_103538457.1,wH
WP_103552800.1,wH
WP_103561923.1,wH
WP_103563600.1,wH
WP_103664295.1,wH
WP_103712323.1,HTH
WP_103780065.1,wH
WP_103780800.1,wH
WP_103831557.1,wH
WP_103832235.1,wH
WP_103845212.1,wH
WP_103938660.1,wH
WP_103951062.1,wH
WP_103953913.1,wH
WP_104049588.1,wH
WP_104057639.1,wH
WP_104082813.1,wH
WP_104099193.1,wH
WP_104120067.1,wH
WP_104126154.1,wH
WP_104134467.1,wH
WP_104165905.1,wH
WP_104176879.1,wH
WP_104179097.1,wH
WP_104193160.1,wH
WP_104194449.1,wH
WP_104196609.1,wH
WP_104231138.1,wH
WP_104240051.1,wH
WP_104240302.1,wH
WP_104269873.1,wH
WP_104298026.1,wH
WP_104298219.1,wH
WP_104305747.1,wH
WP_104310296.1,wH
WP_104320094.1,wH
WP_104330126.1,HTH
WP_104330289.1,wH
WP_104342147.1,wH
WP_104356402.1,HTH
WP_104363572.1,wH
WP_104373160.1,wH
WP_104374440.1,wH
WP_104392280.1,wH
WP_104406252.1,wH
WP_104474706.1,wH
WP_104474829.1,wH
WP_104480617.1,wH
WP_104531097.1,wH
WP_104685278.1,wH
WP_104759070.1,wH
WP_104787245.1,wH
WP_104792060.1,wH
WP_104819930.1,wH
WP_104847972.1,wH
WP_105012312.1,HTH
WP_105030151.1,wH
WP_105035841.1,wH
WP_105050708.1,HTH
WP_105169908.1,HTH
WP_105294186.1,wH
WP_105325577.1,wH
WP_105363934.1,wH
WP_105370366.1,wH
WP_105405530.1,wH
WP_105409525.1,wH
WP_105409939.1,wH
WP_105441824.1,wH
WP_105499836.1,HTH
WP_105863887.1,wH
WP_105941819.1,wH
WP_105943635.1,wH
WP_106012874.1,wH
WP_106094381.1,HTH
WP_106109964.1,wH
WP_106123625.1,wH
WP_106126713.1,wH
WP_106178934.1,wH
WP_106185587.1,wH
WP_106214516.1,HTH
WP_106237815.1,HTH
WP_106298243.1,wH
WP_106322710.1,wH
WP_106344652.1,wH
WP_106345692.1,wH
WP_106357858.1,wH
WP_106512100.1,HTH
WP_106545158.1,wH
WP_106628723.1,wH
WP_106638483.1,HTH
WP_106654180.1,wH
WP_106745261.1,wH
WP_106754725.1,wH
WP_106816017.1,wH
WP_106838277.1,wH
WP_106858751.1,HTH
WP_106923316.1,HTH
WP_106958389.1,wH
WP_106984467.1,wH
WP_106990517.1,HTH
WP_107013564.1,HTH
WP_107077022.1,wH
WP_107142620.1,wH
WP_107152696.1,wH
WP_107162377.1,wH
WP_107262887.1,wH
WP_107268296.1,wH
WP_107405465.1,wH
WP_107414735.1,wH
WP_107446400.1,wH
WP_107458799.1,wH
WP_107466169.1,wH
WP_107616233.1,wH
WP_107649772.1,wH
WP_107656106.1,wH
WP_107706888.1,wH
WP_107733914.1,wH
WP_107736120.1,wH
WP_107743980.1,HTH
WP_107753053.1,wH
WP_107765078.1,HTH
WP_107808588.1,wH
WP_107837177.1,HTH
WP_107907699.1,wH
WP_107913589.1,wH
WP_107969239.1,wH
WP_108023100.1,wH
WP_108212725.1,wH
WP_108386574.1,wH
WP_108530580.1,wH
WP_108534222.1,wH
WP_108559671.1,wH
WP_108594321.1,wH
WP_108595681.1,wH
WP_108664714.1,wH
WP_108667886.1,HTH
WP_108672296.1,wH
WP_108815554.1,wH
WP_108861842.1,wH
WP_109016944.1,HTH
WP_109036905.1,wH
WP_109041128.1,HTH
WP_109068728.1,wH
WP_109085638.1,wH
WP_109100205.1,wH
WP_109136431.1,wH
WP_109153167.1,HTH
WP_109206442.1,wH
WP_109209962.1,wH
WP_109283288.1,HTH
WP_109304641.1,wH
WP_109345657.1,wH
WP_109348672.1,wH
WP_109453991.1,wH
WP_109486351.1,HTH
WP_109602674.1,wH
WP_109631990.1,wH
WP_109640291.1,wH
WP_109641838.1,wH
WP_109642569.1,wH
WP_109672671.1,HTH
WP_109686108.1,HTH
WP_109776498.1,HTH
WP_109788670.1,wH
WP_109800074.1,wH
WP_109803797.1,wH
WP_109818783.1,wH
WP_109820739.1,wH
WP_109871836.1,HTH
WP_109888086.1,wH
WP_109888709.1,wH
WP_109892360.1,wH
WP_109901077.1,wH
WP_109906154.1,wH
WP_109948218.1,wH
WP_109952563.1,wH
WP_109965640.1,wH
WP_109975253.1,wH
WP_109986489.1,wH
WP_110017502.1,HTH
WP_110043425.1,wH
WP_110094117.1,wH
WP_110098112.1,HTH
WP_110170817.1,wH
WP_110238539.1,wH
WP_110278143.1,wH
WP_110321599.1,wH
WP_110343344.1,wH
WP_110435133.1,wH
WP_110499165.1,wH
WP_110499858.1,wH
WP_110507271.1,wH
WP_110517319.1,HTH
WP_110530075.1,wH
WP_110531512.1,wH
WP_110564421.1,wH
WP_110564749.1,wH
WP_110713901.1,wH
WP_110841042.1,wH
WP_110852757.1,wH
WP_110898261.1,wH
WP_110904919.1,HTH
WP_110918962.1,HTH
WP_110927568.1,wH
WP_110936131.1,wH
WP_110964060.1,HTH
WP_111009666.1,wH
WP_111072498.1,wH
WP_111104447.1,wH
WP_111135088.1,wH
WP_111166609.1,wH
WP_111168345.1,wH
WP_111224219.1,HTH
WP_111245432.1,wH
WP_111258132.1,wH
WP_111373460.1,HTH
WP_111542894.1,wH
WP_111603893.1,wH
WP_111657462.1,wH
WP_111718504.1,wH
WP_111818828.1,HTH
WP_111819577.1,HTH
WP_111823411.1,wH
WP_111870576.1,wH
WP_111936878.1,wH
WP_112143323.1,wH
WP_112228910.1,wH
WP_112234875.1,wH
WP_112237948.1,wH
WP_112261610.1,wH
WP_112268929.1,wH
WP_112270484.1,wH
WP_112426235.1,wH
WP_112451451.1,wH
WP_112556896.1,wH
WP_112574390.1,HTH
WP_112709319.1,wH
WP_112801295.1,wH
WP_113019220.1,wH
WP_113056342.1,wH
WP_113109268.1,wH
WP_113155531.1,HTH
WP_113188165.1,wH
WP_113643338.1,wH
WP_113694333.1,wH
WP_113717188.1,wH
WP_113719350.1,wH
WP_113731013.1,wH
WP_113777883.1,wH
WP_113780310.1,wH
WP_113859783.1,wH
WP_113883883.1,wH
WP_113907596.1,wH
WP_113927021.1,wH
WP_113962422.1,wH
WP_113967631.1,wH
WP_113982454.1,wH
WP_113985876.1,wH
WP_114000833.1,wH
WP_114010499.1,HTH
WP_114109854.1,wH
WP_114110229.1,wH
WP_114157682.1,wH
WP_114166061.1,wH
WP_114166530.1,wH
WP_114208576.1,HTH
WP_114208832.1,HTH
WP_114214816.1,wH
WP_114279580.1,wH
WP_114279830.1,HTH
WP_114334246.1,wH
WP_114352850.1,wH
WP_114365770.1,HTH
WP_114378227.1,wH
WP_114416695.1,HTH
WP_114463306.1,HTH
WP_114481702.1,wH
WP_114528441.1,wH
WP_114555013.1,wH
WP_114566717.1,wH
WP_114571515.1,wH
WP_114571558.1,wH
WP_114746271.1,wH
WP_114771993.1,HTH
WP_114796033.1,wH
WP_114796988.1,wH
WP_114859601.1,wH
WP_114888354.1,wH
WP_114905039.1,HTH
WP_114907762.1,HTH
WP_114962941.1,wH
WP_114985613.1,HTH
WP_115142172.1,wH
WP_115214719.1,HTH
WP_115345922.1,wH
WP_115360716.1,wH
WP_115382094.1,wH
WP_115413164.1,wH
WP_115596664.1,wH
WP_115646080.1,HTH
WP_115672535.1,HTH
WP_115770084.1,wH
WP_115789213.1,wH
WP_115793440.1,wH
WP_115831670.1,wH
WP_115884323.1,wH
WP_115954428.1,HTH
WP_115991520.1,wH
WP_116023870.1,wH
WP_116045605.1,wH
WP_116062728.1,HTH
WP_116066793.1,wH
WP_116068291.1,wH
WP_116114141.1,wH
WP_116139541.1,wH
WP_116157171.1,wH
WP_116173061.1,HTH
WP_116177795.1,wH
WP_116206525.1,HTH
WP_116232193.1,wH
WP_116236025.1,HTH
WP_116271117.1,HTH
WP_116298498.1,HTH
WP_116453133.1,wH
WP_116488886.1,wH
WP_116509799.1,wH
WP_116619964,HTH
WP_116646071.1,wH
WP_116655361.1,wH
WP_116703192.1,wH
WP_116793650.1,wH
WP_116882829.1,wH
WP_116900320.1,wH
WP_116958501.1,wH
WP_116999437.1,wH
WP_117193692.1,wH
WP_117328557.1,wH
WP_117377408.1,HTH
WP_117379033.1,wH
WP_117399553.1,wH
WP_117467656.1,wH
WP_117502856.1,wH
WP_117584703.1,wH
WP_117603032.1,wH
WP_117617899.1,wH
WP_117631566.1,wH
WP_117650863.1,wH
WP_117669353.1,wH
WP_117778130.1,wH
WP_117786979.1,wH
WP_118025781.1,wH
WP_118035936.1,wH
WP_118141707.1,wH
WP_118286666.1,wH
WP_118324889.1,wH
WP_118398097.1,wH
WP_118531461.1,wH
WP_118564038.1,wH
WP_118683928.1,wH
WP_118886351.1,wH
WP_118927556.1,wH
WP_118933440.1,HTH
WP_118976226.1,HTH
WP_119070536.1,wH
WP_119077213.1,wH
WP_119101704.1,HTH
WP_119109665.1,HTH
WP_119111845.1,wH
WP_119117862.1,wH
WP_119255879.1,wH
WP_119334828.1,HTH
WP_119341810.1,wH
WP_119343602.1,wH
WP_119348527.1,HTH
WP_119360869.1,HTH
WP_119382465.1,wH
WP_119508257.1,wH
WP_119551844.1,HTH
WP_119645024.1,HTH
WP_119708985.1,wH
WP_119715020.1,wH
WP_119738315.1,HTH
WP_119762547.1,wH
WP_119771898.1,wH
WP_119782274.1,wH
WP_119793243.1,HTH
WP_119808811.1,wH
WP_119836383.1,HTH
WP_119836630.1,wH
WP_119864324.1,wH
WP_119866013.1,wH
WP_119927761.1,wH
WP_119932790.1,HTH
WP_119950675.1,wH
WP_120037660.1,wH
WP_120050524.1,wH
WP_120089810.1,wH
WP_120089897.1,wH
WP_120169211.1,HTH
WP_120169913.1,wH
WP_120176603.1,HTH
WP_120176668.1,HTH
WP_120176726.1,HTH
WP_120176840.1,HTH
WP_120205051.1,wH
WP_120268595.1,wH
WP_120316617.1,wH
WP_120317501.1,wH
WP_120326323.1,wH
WP_120328747.1,wH
WP_120367896.1,wH
WP_120373850.1,wH
WP_120380457.1,wH
WP_120392651.1,wH
WP_120400998.1,wH
WP_120413273.1,wH
WP_120420168.1,wH
WP_120427473.1,wH
WP_120461952.1,wH
WP_120521189.1,wH
WP_120570328.1,wH
WP_120640761,HTH
WP_120673241.1,wH
WP_120732286.1,wH
WP_120739456.1,wH
WP_120746753.1,HTH
WP_120763871.1,wH
WP_120777481.1,wH
WP_120781629.1,wH
WP_120995346.1,wH
WP_121053683.1,wH
WP_121114080.1,wH
WP_121158629.1,wH
WP_121159681.1,wH
WP_121277897.1,wH
WP_121311421.1,HTH
WP_121391999.1,wH
WP_121394268.1,wH
WP_121395409.1,wH
WP_121444722.1,HTH
WP_121519902.1,wH
WP_121521098.1,wH
WP_121532737.1,wH
WP_121580974.1,wH
WP_121584061.1,HTH
WP_121611966.1,wH
WP_121619007.1,wH
WP_121630691.1,wH
WP_121663129.1,wH
WP_121680711.1,wH
WP_121684078.1,wH
WP_121788085.1,wH
WP_121797354.1,HTH
WP_121804561.1,wH
WP_121830090.1,wH
WP_121870374.1,wH
WP_122031574.1,HTH
WP_122077212.1,wH
WP_122148261.1,wH
WP_122194741.1,wH
WP_122503439.1,HTH
WP_122520580.1,wH
WP_122627296.1,wH
WP_122627330.1,wH
WP_122630267.1,HTH
WP_122638710.1,wH
WP_122820831.1,wH
WP_122904798.1,wH
WP_122922927.1,wH
WP_122924868.1,wH
WP_122935523.1,wH
WP_123048628.1,wH
WP_123070343.1,wH
WP_123074745.1,wH
WP_123192939.1,wH
WP_123211851.1,wH
WP_123222020.1,wH
WP_123224385.1,HTH
WP_123243391.1,wH
WP_123306928.1,wH
WP_123316479.1,wH
WP_123355387.1,HTH
WP_123390626.1,wH
WP_123392135.1,wH
WP_123444394.1,wH
WP_123559226.1,HTH
WP_123603719.1,wH
WP_123618195.1,wH
WP_123636356.1,HTH
WP_123681499.1,wH
WP_123738952.1,HTH
WP_123824455.1,HTH
WP_123825480.1,wH
WP_123914820.1,wH
WP_123916482.1,wH
WP_123919276.1,HTH
WP_123926330.1,wH
WP_123926727.1,wH
WP_123926892.1,wH
WP_124049494.1,wH
WP_124066889.1,wH
WP_124278712.1,wH
WP_124543618.1,HTH
WP_124643482.1,wH
WP_124704377.1,HTH
WP_124713109.1,wH
WP_124720397.1,wH
WP_124745991.1,HTH
WP_124792150.1,HTH
WP_124848248.1,HTH
WP_124849565.1,HTH
WP_124870415.1,wH
WP_124874173.1,HTH
WP_124874631.1,wH
WP_124965516.1,HTH
WP_125098757.1,wH
WP_125115293.1,wH
WP_125132600.1,wH
WP_125160136.1,wH
WP_125171866.1,wH
WP_125326397.1,wH
WP_125428331.1,wH
WP_125479751.1,wH
WP_125494313.1,wH
WP_125510075.1,wH
WP_125532585.1,wH
WP_125556062.1,wH
WP_125568958.1,wH
WP_125594472.1,HTH
WP_125603049.1,wH
WP_125610957.1,wH
WP_125624945.1,wH
WP_125665583.1,wH
WP_125733455.1,wH
WP_125782353.1,wH
WP_125791713.1,wH
WP_125799308.1,wH
WP_125804901.1,wH
WP_125806781.1,HTH
WP_125815701.1,wH
WP_125819789.1,wH
WP_125835436.1,wH
WP_125878909.1,wH
WP_125974672.1,HTH
WP_125984785.1,wH
WP_125995267.1,wH
WP_126029227.1,wH
WP_126031171.1,wH
WP_126081672.1,wH
WP_126114930.1,HTH
WP_126121924.1,wH
WP_126140578.1,wH
WP_126258438.1,wH
WP_126259499.1,wH
WP_126320608.1,wH
WP_126383288.1,wH
WP_126409061.1,wH
WP_126555191.1,wH
WP_126611142.1,wH
WP_126626693.1,wH
WP_126644034.1,wH
WP_126719430.1,HTH
WP_126723306.1,wH
WP_126753397.1,wH
WP_126773187.1,wH
WP_126774494.1,HTH
WP_126777119.1,wH
WP_126785443.1,wH
WP_126791179.1,wH
WP_126793583.1,HTH
WP_126820178.1,HTH
WP_126827596.1,wH
WP_126834532.1,wH
WP_126845603.1,wH
WP_126963001.1,wH
WP_126971043.1,HTH
WP_127000110.1,wH
WP_127000411.1,wH
WP_127002727.1,HTH
WP_127037995.1,wH
WP_127047820.1,wH
WP_127101820,HTH
WP_127122982.1,HTH
WP_127129613.1,wH
WP_127150083.1,wH
WP_127297710.1,wH
WP_127350974.1,wH
WP_127356904.1,wH
WP_127371190.1,wH
WP_127375137.1,wH
WP_127437107.1,wH
WP_127451191.1,wH
WP_127501966.1,wH
WP_127506226.1,wH
WP_127530792.1,wH
WP_127549036.1,wH
WP_127578810.1,wH
WP_127587464.1,wH
WP_127600452.1,wH
WP_127729697.1,wH
WP_127841511.1,wH
WP_128122361.1,wH
WP_128123445.1,wH
WP_128123766.1,wH
WP_128155366.1,wH
WP_128293046.1,wH
WP_128352615.1,wH
WP_128357836.1,wH
WP_128367809.1,wH
WP_128470474.1,wH
WP_128495010.1,wH
WP_128522500.1,wH
WP_128559611.1,wH
WP_128565595.1,wH
WP_128655612.1,wH
WP_128831338.1,HTH
WP_128983497.1,wH
WP_129048372.1,HTH
WP_129126832.1,HTH
WP_129172883.1,wH
WP_129192282.1,wH
WP_129210379.1,HTH
WP_129232146.1,HTH
WP_129275867.1,wH
WP_129285636.1,wH
WP_129297759.1,HTH
WP_129330294.1,wH
WP_129378718.1,HTH
WP_129612011.1,wH
WP_129667750.1,HTH
WP_129717169.1,HTH
WP_129777821.1,wH
WP_129842255.1,wH
WP_129862268.1,wH
WP_129891115.1,wH
WP_129891444.1,HTH
WP_129891752.1,HTH
WP_129891812.1,HTH
WP_129893491.1,HTH
WP_130020774.1,HTH
WP_130079544.1,wH
WP_130084650.1,wH
WP_130101465.1,HTH
WP_130148663.1,HTH
WP_130157478.1,wH
WP_130178158.1,wH
WP_130188495.1,HTH
WP_130287982.1,HTH
WP_130292589.1,wH
WP_130330012.1,wH
WP_130332360.1,wH
WP_130334167.1,wH
WP_130344352.1,wH
WP_130388383.1,wH
WP_130452718.1,HTH
WP_130453883.1,wH
WP_130481876.1,HTH
WP_130609875.1,wH
WP_130874946.1,HTH
WP_130881224.1,wH
WP_130967044.1,HTH
WP_130981603.1,wH
WP_131119441.1,wH
WP_131144928.1,HTH
WP_131195072.1,wH
WP_131222770.1,wH
WP_131293796.1,wH
WP_131301749.1,wH
WP_131310984.1,HTH
WP_131339525.1,wH
WP_131436467.1,wH
WP_131456895.1,wH
WP_131458217.1,HTH
WP_131463183.1,wH
WP_131469463.1,wH
WP_131472982.1,wH
WP_131485546.1,wH
WP_131489215.1,wH
WP_131490213.1,wH
WP_131514806.1,wH
WP_131596125.1,HTH
WP_131650478.1,wH
WP_131707316.1,HTH
WP_131744743.1,wH
WP_131784367.1,wH
WP_131856928,HTH
WP_131875981.1,wH
WP_131889380.1,wH
WP_131895078.1,HTH
WP_131940512.1,wH
WP_131955036.1,wH
WP_131968247.1,wH
WP_132014999.1,HTH
WP_132016769.1,wH
WP_132053855.1,wH
WP_132074889.1,wH
WP_132082647.1,wH
WP_132112142.1,wH
WP_132113323.1,HTH
WP_132119107.1,wH
WP_132154007.1,wH
WP_132164333.1,HTH
WP_132166344.1,wH
WP_132178009.1,wH
WP_132178602.1,wH
WP_132180074.1,wH
WP_132186769.1,wH
WP_132193698.1,wH
WP_132198042.1,wH
WP_132201638.1,wH
WP_132209460.1,wH
WP_132309676.1,wH
WP_132312118.1,HTH
WP_132317742.1,wH
WP_132350326.1,wH
WP_132398744.1,HTH
WP_132402158.1,wH
WP_132405617.1,wH
WP_132409822.1,wH
WP_132421659.1,wH
WP_132428649.1,wH
WP_132462353.1,HTH
WP_132492650.1,wH
WP_132527091.1,wH
WP_132538237.1,HTH
WP_132551237.1,HTH
WP_132677231.1,wH
WP_132684225.1,wH
WP_132700043.1,wH
WP_132833900.1,wH
WP_132837900.1,wH
WP_132877483.1,wH
WP_132948463.1,wH
WP_132960988.1,HTH
WP_133004782.1,wH
WP_133190423.1,HTH
WP_133278571.1,wH
WP_133283387.1,wH
WP_133335829.1,wH
WP_133494136.1,wH
WP_133636225.1,HTH
WP_133713239.1,HTH
WP_133738958.1,wH
WP_133742368.1,wH
WP_133755939.1,wH
WP_133788905.1,wH
WP_133847258.1,wH
WP_133854517.1,wH
WP_133860652.1,wH
WP_133873908.1,wH
WP_133877814.1,wH
WP_133878895.1,HTH
WP_133886217.1,HTH
WP_133905585.1,wH
WP_133906325.1,wH
WP_133935028.1,wH
WP_133956342.1,wH
WP_133977491.1,wH
WP_133982597.1,wH
WP_133982644.1,wH
WP_133999510.1,HTH
WP_134005759.1,wH
WP_134094559.1,wH
WP_134102845.1,wH
WP_134114585.1,wH
WP_134114623.1,wH
WP_134173295.1,HTH
WP_134182598.1,HTH
WP_134229000.1,wH
WP_134340549.1,HTH
WP_134372310.1,wH
WP_134380147.1,wH
WP_134394097.1,wH
WP_134424860.1,wH
WP_134434625.1,wH
WP_134441789.1,wH
WP_134464472.1,wH
WP_134467234.1,wH
WP_134503928.1,wH
WP_134516336.1,wH
WP_134548970.1,wH
WP_134556616.1,wH
WP_134682661.1,HTH
WP_134764110.1,HTH
WP_134772682.1,wH
WP_134783671.1,wH
WP_134910519.1,wH
WP_135029555.1,wH
WP_135096811.1,wH
WP_135109035.1,wH
WP_135133742.1,wH
WP_135135843.1,wH
WP_135138302.1,wH
WP_135159749.1,wH
WP_135165132,HTH
WP_135175435.1,wH
WP_135225746.1,wH
WP_135229442.1,HTH
WP_135247702.1,HTH
WP_135274341.1,wH
WP_135417606.1,wH
WP_135431420.1,wH
WP_135462054.1,HTH
WP_135471625.1,wH
WP_135477268.1,wH
WP_135479434.1,wH
WP_135511238.1,HTH
WP_135529683.1,wH
WP_135538904.1,HTH
WP_135538920.1,HTH
WP_135548493.1,wH
WP_135549999.1,HTH
WP_135784911.1,wH
WP_135840343.1,wH
WP_135846841.1,wH
WP_135885751.1,wH
WP_135898318.1,wH
WP_135938387.1,wH
WP_135978921.1,wH
WP_135982834.1,HTH
WP_136169514.1,wH
WP_136212762.1,wH
WP_136221427.1,wH
WP_136231188.1,wH
WP_136260215.1,wH
WP_136370103.1,wH
WP_136453783.1,wH
WP_136454591.1,wH
WP_136496753.1,wH
WP_136553835.1,wH
WP_136604085.1,wH
WP_136708975.1,wH
WP_136713836.1,HTH
WP_136726793.1,wH
WP_136773560.1,HTH
WP_136799837.1,HTH
WP_136830665.1,wH
WP_136831688.1,wH
WP_136922580.1,wH
WP_136925613.1,wH
WP_136933317.1,wH
WP_136963666.1,HTH
WP_137018183.1,wH
WP_137030705.1,wH
WP_137095943.1,wH
WP_137105765.1,wH
WP_137117373.1,wH
WP_137123337.1,HTH
WP_137128713.1,wH
WP_137142070.1,wH
WP_137146598.1,wH
WP_137151658.1,wH
WP_137195887.1,wH
WP_137235464.1,wH
WP_137247535.1,wH
WP_137253803.1,wH
WP_137257585.1,wH
WP_137328423.1,wH
WP_137338150.1,wH
WP_137416386.1,wH
WP_137434322.1,HTH
WP_137702822.1,wH
WP_137744692.1,wH
WP_137759913.1,wH
WP_137828074.1,wH
WP_137828419.1,wH
WP_137861876.1,wH
WP_137899428.1,wH
WP_137911249.1,wH
WP_137939669.1,HTH
WP_138001775.1,wH
WP_138043804.1,HTH
WP_138103803.1,wH
WP_138117568.1,wH
WP_138141552.1,HTH
WP_138198171.1,HTH
WP_138312069.1,wH
WP_138354175.1,wH
WP_138439180.1,wH
WP_138600275.1,wH
WP_138639251.1,HTH
WP_138649839.1,wH
WP_138667761.1,wH
WP_138674179.1,HTH
WP_138775673.1,wH
WP_138789588.1,wH
WP_138790561.1,wH
WP_138791304.1,wH
WP_139081367.1,HTH
WP_139082778.1,HTH
WP_139184697.1,wH
WP_139403628.1,HTH
WP_139557007.1,HTH
WP_139601659.1,wH
WP_139601977.1,wH
WP_139603892.1,wH
WP_139629186.1,wH
WP_139647792.1,wH
WP_139652008.1,HTH
WP_139738852.1,HTH
WP_139750961.1,HTH
WP_139757518.1,wH
WP_139820248.1,HTH
WP_139904447.1,wH
WP_140019040.1,wH
WP_140048071.1,HTH
WP_140461604.1,wH
WP_140613160.1,wH
WP_140620793.1,wH
WP_140631839.1,wH
WP_140699672.1,wH
WP_140734292.1,wH
WP_140742835.1,wH
WP_140745437.1,wH
WP_140754446.1,wH
WP_140759369.1,wH
WP_140818094.1,wH
WP_140827952.1,wH
WP_140847766.1,wH
WP_140979992.1,wH
WP_141190137.1,wH
WP_141264262.1,HTH
WP_141272533.1,wH
WP_141277625.1,wH
WP_141307932.1,wH
WP_141309486.1,wH
WP_141372460.1,wH
WP_141379907.1,wH
WP_141430618.1,HTH
WP_141433377.1,wH
WP_141493986.1,wH
WP_141507550.1,HTH
WP_141572619.1,wH
WP_141583315.1,wH
WP_141622794.1,HTH
WP_141788527.1,HTH
WP_141789398.1,wH
WP_141821587.1,wH
WP_141850142.1,wH
WP_141851501.1,wH
WP_141866986.1,wH
WP_141892996.1,wH
WP_141922242.1,wH
WP_141954544.1,wH
WP_141996586.1,wH
WP_141997957.1,wH
WP_142003416.1,HTH
WP_142032749.1,HTH
WP_142052070.1,wH
WP_142056114.1,wH
WP_142058078.1,wH
WP_142098308.1,wH
WP_142103618.1,wH
WP_142108486.1,wH
WP_142118477.1,wH
WP_142142523.1,wH
WP_142251309.1,HTH
WP_142257704.1,wH
WP_142260250.1,wH
WP_142261515.1,wH
WP_142268577.1,wH
WP_142270424.1,wH
WP_142281130.1,wH
WP_142454091.1,wH
WP_142508458.1,wH
WP_142543289.1,wH
WP_142551454.1,wH
WP_142585866.1,wH
WP_142608985.1,wH
WP_142658982.1,wH
WP_142791562.1,wH
WP_142841909.1,wH
WP_142849728.1,HTH
WP_142869214.1,wH
WP_142903815.1,HTH
WP_142929366.1,HTH
WP_143033424.1,wH
WP_143246363.1,wH
WP_143315161.1,wH
WP_143391097.1,HTH
WP_143511563.1,HTH
WP_143527966.1,HTH
WP_143602185.1,wH
WP_143785036.1,HTH
WP_143870830.1,HTH
WP_143882140.1,wH
WP_144073789.1,HTH
WP_144119801.1,wH
WP_144125123.1,wH
WP_144445163.1,HTH
WP_144515894.1,wH
WP_144526563.1,wH
WP_144560318.1,wH
WP_144588363.1,wH
WP_144617607.1,wH
WP_144641370.1,wH
WP_144648832.1,wH
WP_144655924.1,wH
WP_144717444.1,wH
WP_144758136.1,wH
WP_144766984.1,wH
WP_144846445.1,HTH
WP_144847504.1,wH
WP_144856169.1,wH
WP_144856198.1,wH
WP_144933350.1,wH
WP_144935096.1,wH
WP_144974427.1,wH
WP_144977272.1,wH
WP_145003213.1,wH
WP_145025424.1,wH
WP_145034801.1,HTH
WP_145049421.1,wH
WP_145066314.1,wH
WP_145078295.1,HTH
WP_145095247.1,wH
WP_145146254.1,wH
WP_145160273.1,wH
WP_145195220.1,HTH
WP_145333083.1,wH
WP_145624851.1,wH
WP_145636894.1,wH
WP_145637588.1,wH
WP_145674205.1,wH
WP_145682106.1,wH
WP_145735694.1,wH
WP_145775413.1,wH
WP_145775970.1,wH
WP_145812623.1,wH
WP_145853850.1,wH
WP_145866544.1,wH
WP_145887831.1,wH
WP_145918861.1,wH
WP_146286158.1,wH
WP_146300678.1,wH
WP_146322654.1,HTH
WP_146349735.1,wH
WP_146533506.1,HTH
WP_146561068.1,HTH
WP_146592500.1,HTH
WP_146810112.1,wH
WP_146815963.1,wH
WP_146828129.1,wH
WP_146850483.1,wH
WP_146885411.1,HTH
WP_146907013.1,HTH
WP_146922183.1,wH
WP_147022668.1,HTH
WP_147027508.1,wH
WP_147045002.1,wH
WP_147050228.1,wH
WP_147067402.1,wH
WP_147067706.1,wH
WP_147088827.1,wH
WP_147125970.1,wH
WP_147136369.1,wH
WP_147146969.1,HTH
WP_147242817.1,wH
WP_147494867.1,HTH
WP_147533830.1,wH
WP_147538010.1,wH
WP_147646160.1,wH
WP_147725782.1,wH
WP_147782640.1,wH
WP_147799231.1,wH
WP_147804822.1,wH
WP_147817082.1,wH
WP_147819707.1,wH
WP_147824885.1,wH
WP_147859949.1,wH
WP_147894233.1,wH
WP_147900545.1,wH
WP_147935806.1,wH
WP_147948918.1,wH
WP_147950113.1,wH
WP_147982553.1,wH
WP_148001908.1,wH
WP_148017985.1,wH
WP_148033522.1,wH
WP_148054559.1,wH
WP_148214905.1,wH
WP_148271321.1,HTH
WP_148353011.1,wH
WP_148459775.1,wH
WP_148601422.1,wH
WP_148601596.1,wH
WP_148796183.1,wH
WP_148867200.1,wH
WP_148924977.1,wH
WP_148929229.1,wH
WP_148942237.1,wH
WP_148948710.1,wH
WP_148974469.1,wH
WP_148976730.1,wH
WP_149035935.1,wH
WP_149095323.1,wH
WP_149095675.1,wH
WP_149115253.1,HTH
WP_149167282.1,wH
WP_149199462.1,wH
WP_149201055.1,wH
WP_149203040.1,wH
WP_149224172.1,wH
WP_149233023.1,wH
WP_149250411.1,wH
WP_149269797.1,wH
WP_149272316.1,wH
WP_149278718.1,wH
WP_149279708.1,wH
WP_149282861.1,wH
WP_149314390.1,wH
WP_149324184.1,wH
WP_149391169.1,HTH
WP_149405384.1,wH
WP_149431708.1,wH
WP_149438341.1,wH
WP_149444074.1,wH
WP_149510408.1,wH
WP_149546998.1,wH
WP_149648826.1,wH
WP_149735353.1,wH
WP_149735984.1,wH
WP_149767650.1,wH
WP_149790833.1,wH
WP_149817348.1,wH
WP_149849717.1,HTH
WP_149853393.1,wH
WP_149854530.1,wH
WP_149875911.1,wH
WP_149894877.1,wH
WP_149900951.1,wH
WP_149906829.1,wH
WP_149957547.1,wH
WP_149992517.1,wH
WP_150170237.1,wH
WP_150172430.1,wH
WP_150185262.1,wH
WP_150235213.1,wH
WP_150238723.1,wH
WP_150307529.1,wH
WP_150415470.1,HTH
WP_150419836.1,wH
WP_150439816.1,wH
WP_150482094.1,wH
WP_150506513.1,wH
WP_150523729.1,wH
WP_150608224.1,HTH
WP_150832370.1,wH
WP_150877699.1,HTH
WP_150965003.1,wH
WP_150998616.1,wH
WP_151005330.1,HTH
WP_151016028.1,wH
WP_151118478.1,HTH
WP_151177811.1,HTH
WP_151421943.1,wH
WP_151463970.1,wH
WP_151491998.1,wH
WP_151533102.1,wH
WP_151533759.1,wH
WP_151544588.1,wH
WP_151554549.1,wH
WP_151559380.1,wH
WP_151568137.1,wH
WP_151573122.1,wH
WP_151591325.1,wH
WP_151603453.1,HTH
WP_151646917.1,wH
WP_151651125.1,wH
WP_151666549.1,HTH
WP_151678125.1,wH
WP_151705311.1,HTH
WP_151718538.1,wH
WP_151728459.1,wH
WP_151738037.1,wH
WP_151955405.1,wH
WP_151978691.1,wH
WP_151983257.1,HTH
WP_151991042.1,wH
WP_152110635.1,wH
WP_152186098.1,HTH
WP_152196455.1,wH
WP_152201407.1,wH
WP_152202081.1,wH
WP_152209487.1,wH
WP_152242441.1,HTH
WP_152293963.1,wH
WP_152308080.1,wH
WP_152355765.1,wH
WP_152381064.1,wH
WP_152412968.1,HTH
WP_152455135.1,wH
WP_152465079.1,wH
WP_152493235.1,wH
WP_152539802.1,HTH
WP_152582414.1,wH
WP_152591011.1,wH
WP_152674404.1,wH
WP_152678412.1,HTH
WP_152727535.1,HTH
WP_152816254.1,wH
WP_152825435.1,wH
WP_152888257.1,wH
WP_152896941.1,wH
WP_153111506.1,HTH
WP_153125055.1,wH
WP_153249458,HTH
WP_153250941.1,HTH
WP_153329243.1,wH
WP_153346307.1,wH
WP_153358623.1,wH
WP_153363891.1,HTH
WP_153394160.1,HTH
WP_153401905.1,wH
WP_153414985.1,wH
WP_153456836.1,wH
WP_153516033.1,wH
WP_153752508.1,HTH
WP_153761525.1,wH
WP_153799524.1,HTH
WP_153806750.1,wH
WP_153823849.1,wH
WP_153866142.1,wH
WP_153981774.1,wH
WP_154150622.1,wH
WP_154420804.1,wH
WP_154442609.1,wH
WP_154544611.1,wH
WP_154545676.1,HTH
WP_154613724.1,wH
WP_154672570.1,wH
WP_154689631.1,wH
WP_154709076.1,wH
WP_154788286.1,wH
WP_154795188.1,wH
WP_154939275.1,wH
WP_154966277.1,wH
WP_155110742.1,wH
WP_155165698.1,HTH
WP_155171178.1,HTH
WP_155189261.1,wH
WP_155307653.1,HTH
WP_155332820.1,wH
WP_155341892.1,wH
WP_155349873.1,wH
WP_155358943.1,wH
WP_155369343.1,wH
WP_155369861.1,wH
WP_155389549.1,wH
WP_155455700.1,wH
WP_155467814.1,wH
WP_155469611.1,wH
WP_155475038.1,wH
WP_155540840.1,wH
WP_155588052.1,wH
WP_155605768.1,HTH
WP_155891835.1,wH
WP_155933639.1,wH
WP_156028111.1,HTH
WP_156049396.1,HTH
WP_156055831.1,wH
WP_156169429.1,wH
WP_156216138.1,HTH
WP_156221145.1,wH
WP_156229580.1,wH
WP_156259308.1,HTH
WP_156267891.1,HTH
WP_156270734.1,wH
WP_156275817.1,HTH
WP_156611730.1,wH
WP_156686515.1,wH
WP_156714692.1,wH
WP_156741579.1,wH
WP_157017055.1,wH
WP_157029280.1,HTH
WP_157138873.1,HTH
WP_157247936.1,wH
WP_157250310.1,wH
WP_157271368.1,HTH
WP_157304132.1,HTH
WP_157324618.1,wH
WP_157337220.1,wH
WP_157388183.1,HTH
WP_157392676.1,wH
WP_157425541.1,wH
WP_157426280.1,wH
WP_157521186.1,wH
WP_157545346.1,wH
WP_157554784.1,wH
WP_157705514.1,wH
WP_157762528.1,wH
WP_157771225.1,HTH
WP_158040506.1,HTH
WP_158067360.1,wH
WP_158208580.1,wH
WP_158272598.1,HTH
WP_158314661.1,wH
WP_158508950.1,HTH
WP_158675080.1,HTH
WP_158699405.1,HTH
WP_158760675.1,HTH
WP_158785783.1,HTH
WP_158789850.1,wH
WP_158791770.1,HTH
WP_158886341.1,HTH
WP_158907843.1,wH
WP_158909957.1,HTH
WP_158922336.1,wH
WP_158924820.1,wH
WP_158940134.1,wH
WP_158947096.1,wH
WP_159313050.1,wH
WP_159394978.1,HTH
WP_159468620.1,wH
WP_159501074.1,wH
WP_159506110.1,HTH
WP_159528353.1,wH
WP_159541206.1,wH
WP_159565546.1,wH
WP_159572900.1,HTH
WP_159579943.1,HTH
WP_159614229.1,HTH
WP_159619685.1,wH
WP_159744646.1,wH
WP_159806162.1,wH
WP_159809924.1,wH
WP_159881968.1,wH
WP_159899554.1,HTH
WP_159941515.1,wH
WP_160043177.1,wH
WP_160070853.1,wH
WP_160088143.1,wH
WP_160270728.1,wH
WP_160335923.1,HTH
WP_160355048.1,HTH
WP_160396987.1,wH
WP_160424053.1,HTH
WP_160473172.1,HTH
WP_160497560.1,wH
WP_160501971.1,HTH
WP_160533116.1,wH
WP_160546478.1,wH
WP_160633330.1,HTH
WP_160635588.1,wH
WP_160637981.1,wH
WP_160642259.1,wH
WP_160678774.1,wH
WP_160687061.1,wH
WP_160720013.1,wH
WP_160721422.1,wH
WP_160773630.1,wH
WP_160836476.1,wH
WP_160863818.1,wH
WP_160911935.1,wH
WP_160913634.1,wH
WP_160966061.1,wH
WP_161013520.1,wH
WP_161057186.1,HTH
WP_161101711.1,wH
WP_161110970.1,HTH
WP_161135528.1,HTH
WP_161137179.1,HTH
WP_161147611.1,wH
WP_161179380.1,wH
WP_161260989.1,wH
WP_161287582.1,wH
WP_161303432.1,wH
WP_161346167.1,wH
WP_161361818.1,wH
WP_161365950.1,wH
WP_161481755.1,wH
WP_161520584.1,wH
WP_161540391.1,wH
WP_161540755.1,wH
WP_161542035.1,HTH
WP_161632692.1,wH
WP_161675052.1,wH
WP_161806542.1,HTH
WP_161859544.1,wH
WP_161933612.1,wH
WP_161965321.1,wH
WP_162025597.1,wH
WP_162271417.1,HTH
WP_162411276.1,HTH
WP_162435134.1,HTH
WP_162446362.1,HTH
WP_162560016.1,HTH
WP_162569127.1,wH
WP_162640544.1,HTH
WP_163141794.1,wH
WP_163150141.1,wH
WP_163194050.1,wH
WP_163199742.1,wH
WP_163284365.1,HTH
WP_163299075.1,HTH
WP_163457656.1,HTH
WP_163458855.1,HTH
WP_163508859.1,wH
WP_163526266.1,wH
WP_163642415.1,wH
WP_163676761.1,HTH
WP_163764643.1,HTH
WP_163792612.1,wH
WP_163801147.1,wH
WP_163855412.1,wH
WP_163944386.1,wH
WP_163957836.1,wH
WP_164116434.1,wH
WP_164205718.1,wH
WP_164288035.1,wH
WP_164291318.1,wH
WP_164293507.1,wH
WP_164304803.1,wH
WP_164348907.1,wH
WP_164417117.1,wH
WP_164445917.1,wH
WP_164523596.1,wH
WP_164593063.1,wH
WP_164593436.1,wH
WP_164654419.1,HTH
WP_164668729.1,wH
WP_164742348.1,wH
WP_164819012.1,wH
WP_164928601.1,HTH
WP_164981593.1,HTH
WP_165030019.1,wH
WP_165067404.1,wH
WP_165094065.1,HTH
WP_165098922.1,wH
WP_165104495.1,wH
WP_165145095.1,wH
WP_165211768.1,HTH
WP_165270403.1,wH
WP_165396696.1,HTH
WP_165489252.1,HTH
WP_165648113.1,HTH
WP_165648278.1,HTH
WP_165653800.1,HTH
WP_165781596.1,wH
WP_165809597.1,wH
WP_165882846.1,HTH
WP_165895359.1,wH
WP_165952615.1,wH
WP_165956515.1,wH
WP_166029485.1,wH
WP_166030984.1,HTH
WP_166032561.1,HTH
WP_166044128.1,wH
WP_166046805.1,wH
WP_166083363.1,wH
WP_166129255.1,HTH
WP_166163539.1,wH
WP_166167446.1,wH
WP_166169295.1,wH
WP_166174118.1,wH
WP_166196457.1,wH
WP_166233408.1,HTH
WP_166241013.1,wH
WP_166245057.1,wH
WP_166277004.1,wH
WP_166331511.1,wH
WP_166349097.1,wH
WP_166349104.1,wH
WP_166381597.1,wH
WP_166382953.1,wH
WP_166398724.1,wH
WP_166458136.1,wH
WP_166512255.1,wH
WP_166543982.1,wH
WP_166563767.1,HTH
WP_166565780.1,HTH
WP_166600761.1,wH
WP_166626671.1,wH
WP_166665460.1,wH
WP_166789202.1,wH
WP_166820295.1,HTH
WP_166877871.1,HTH
WP_166906674.1,wH
WP_166936612.1,wH
WP_166936927.1,HTH
WP_166980034.1,HTH
WP_167071185.1,HTH
WP_167082911.1,wH
WP_167165189.1,wH
WP_167168115.1,HTH
WP_167263156.1,wH
WP_167276528.1,wH
WP_167299939.1,wH
WP_167330139.1,wH
WP_167346600.1,wH
WP_167392736.1,wH
WP_167438198.1,wH
WP_167458121.1,wH
WP_167477861.1,wH
WP_167489153.1,wH
WP_167489710.1,wH
WP_167530531.1,wH
WP_167624349.1,wH
WP_167635889.1,wH
WP_167647732.1,wH
WP_167667574.1,wH
WP_167743842.1,wH
WP_167745910.1,wH
WP_167922205.1,wH
WP_167950023.1,HTH
WP_167971716.1,wH
WP_167977560.1,wH
WP_167980068.1,wH
WP_167992959.1,wH
WP_168007365.1,wH
WP_168035711.1,HTH
WP_168078138.1,wH
WP_168102273.1,wH
WP_168129183.1,wH
WP_168368526.1,wH
WP_168424852.1,wH
WP_168447836.1,wH
WP_168458698.1,wH
WP_168478371.1,wH
WP_168509442.1,wH
WP_168568647.1,wH
WP_168583390.1,wH
WP_168630653.1,wH
WP_168773331.1,wH
WP_168844650.1,wH
WP_168904996.1,wH
WP_168907207.1,wH
WP_168963626.1,wH
WP_168987838.1,wH
WP_169026418.1,wH
WP_169027923.1,wH
WP_169080219.1,wH
WP_169091937.1,wH
WP_169095945.1,wH
WP_169097354.1,wH
WP_169177657.1,wH
WP_169183095.1,HTH
WP_169274718.1,wH
WP_169298562.1,wH
WP_169305818.1,wH
WP_169417436.1,HTH
WP_169418595.1,HTH
WP_169427045.1,HTH
WP_169452546.1,wH
WP_169453993,HTH
WP_169454021,HTH
WP_169598227.1,wH
WP_169699223.1,wH
WP_169763016.1,HTH
WP_169815414.1,wH
WP_169931347.1,wH
WP_170007514.1,wH
WP_170032135.1,wH
WP_170039485.1,HTH
WP_170066209.1,wH
WP_170127905.1,HTH
WP_170141034.1,wH
WP_170171618.1,wH
WP_170187039.1,wH
WP_170274615.1,HTH
WP_170290958.1,wH
WP_170327891.1,wH
WP_170350948.1,wH
WP_170362140.1,wH
WP_170377924.1,wH
WP_170397777.1,wH
WP_170403134.1,wH
WP_170413369.1,wH
WP_170423345.1,wH
WP_170431330.1,wH
WP_170464678.1,wH
WP_170517260.1,wH
WP_170552636.1,wH
WP_170755928.1,wH
WP_170763678.1,wH
WP_171005418.1,wH
WP_171064653.1,wH
WP_171108515.1,wH
WP_171144888.1,wH
WP_171173125.1,wH
WP_171243528.1,wH
WP_171395517.1,HTH
WP_171590191.1,wH
WP_171643416.1,wH
WP_171654796.1,wH
WP_171661089.1,wH
WP_171681420.1,wH
WP_171978379.1,wH
WP_172320009.1,wH
WP_172362583.1,wH
WP_173033159.1,wH
WP_173033509.1,wH
WP_173056916.1,wH
WP_173075350.1,wH
WP_173084158.1,HTH
WP_173106631.1,wH
WP_173158133.1,wH
WP_173160665.1,wH
WP_173196626.1,HTH
WP_173200715.1,HTH
WP_173297138.1,wH
WP_173298062.1,HTH
WP_173569360.1,HTH
WP_173920769.1,wH
WP_173978491.1,HTH
WP_173980555.1,HTH
